dataset,candidate_type,query_concept_id,support_signature,support_size,n_total,n_records_sampled,n_learners,n_positive,n_negative,has_both_labels,support_identical_check_passed,mean_pairwise_l1,mean_pairwise_js,posterior_variability_check_passed,score
assist_09,same_query_concept,29,12;14;17;18;20;23;29;48;49;51;98;99,12,1099,320,296,742,357,True,True,0.1725322904243775,0.0073423780173345,True,2.771275016373985
assist_09,same_query_concept,78,30;38;42;48;49;55;78;79;80;81;82;98,12,364,320,204,304,60,True,True,0.1598126611337049,0.0085404606869634,True,2.7262755017953992
assist_09,same_query_concept,26,20;26;30;42;46;55;79;81;82;89;98;99,12,321,320,185,225,96,True,True,0.1169249292480386,0.0064053636083329,True,2.6651210510526906
assist_09,same_query_concept,20,6;13;14;20;29;48;56;81;96;98;99;102,12,1288,320,228,830,458,True,True,0.1053341688123591,0.0035976946869022,True,2.6630971479153924
assist_09,same_query_concept,2,2;14;20;29;30;42;48;49;79;82;98;99,12,257,257,132,180,77,True,True,0.1349072945531351,0.004970216655762,True,2.643823073998359
assist_09,same_query_concept,12,0;6;9;12;13;14;18;20;29;48;58;98,12,531,320,184,291,240,True,True,0.1000604091624016,0.0043566025785805,True,2.639522401984556
assist_09,same_query_concept,93,7;30;44;82;87;88;89;90;93;94;98;99;101,13,252,252,149,149,103,True,True,0.1171029376114006,0.0049585826084562,True,2.6380007974548514
assist_09,same_query_concept,59,30;33;42;45;55;58;59;79;81;82;96;97;98,13,283,283,150,180,103,True,True,0.1159370832254942,0.0039506212761699,True,2.6334675520116666
assist_09,same_query_concept,17,14;17;18;29;30;33;37;49;79;81;82;98;106,13,113,113,103,105,8,True,True,0.1326745290858979,0.006988045873641,True,2.6250658024945994
assist_09,same_query_concept,62,7;9;20;30;33;61;62;66;79;82;98;99;106,13,33,33,31,21,12,True,True,0.2160548911465813,0.012977366862403,True,2.6145379488761664
assist_09,same_query_concept,25,15;16;18;20;25;26;30;79;82;89;98;99;106,13,198,198,127,123,75,True,True,0.1054410298144648,0.005358268757055,True,2.612077131234647
assist_09,same_query_concept,21,20;21;30;33;42;44;49;79;80;81;82;98;99,13,48,48,46,46,2,True,True,0.170909392783184,0.0083081499834945,True,2.5891567528881683
assist_09,same_query_concept,19,6;14;18;19;20;29;30;33;79;82;98;100,12,35,35,30,31,4,True,True,0.1812898545775656,0.0097927694685211,True,2.563859652900165
assist_09,same_query_concept,83,12;13;14;18;29;30;49;51;82;83;84;85;98,13,84,84,70,26,58,True,True,0.1074776734034836,0.0046307745483183,True,2.5522687593008886
assist_09,same_query_concept,90,7;30;44;82;88;89;90;93;94;98;99;101,12,55,55,49,47,8,True,True,0.1174264908370974,0.0043848372107477,True,2.526168140222903
assist_09,same_query_concept,68,30;33;38;42;55;68;70;79;81;82;97;98;99,13,39,39,26,27,12,True,True,0.138288481740208,0.0081906992567928,True,2.500634965367812
assist_09,same_query_concept,82,30;32;33;37;38;42;55;79;80;81;82;98,12,1874,320,743,1193,681,True,True,0.0697337445007164,0.0020711233600638,False,2.739222341424281
assist_09,same_query_concept,79,30;32;33;34;37;38;42;55;56;79;81;82;98,13,2252,320,679,1349,903,True,True,0.0690580550969743,0.0017349335505735,False,2.728207069116284
assist_09,same_query_concept,81,30;32;37;42;55;56;79;80;81;82;97;98,12,1306,320,590,1023,283,True,True,0.0669764788454032,0.001808990578286,False,2.7123940428991578
assist_09,same_query_concept,98,14;30;32;33;55;59;79;81;97;98;99;106,12,4417,320,666,3036,1381,True,True,0.0541339742666692,0.0019420747456704,False,2.712181277840913
assist_09,same_query_concept,80,22;30;37;38;42;49;55;78;79;80;81;82,12,901,320,433,509,392,True,True,0.0793024399710794,0.0051815772028092,False,2.7073332021923573
assist_09,same_query_concept,14,6;12;13;14;18;29;30;45;49;58;96;98,12,1009,320,399,774,235,True,True,0.0833873246328675,0.0018190241659395,False,2.689809876007424
assist_09,same_query_concept,30,1;30;32;33;39;44;47;48;79;81;82;98,12,3311,320,797,2069,1242,True,True,0.0179992000991505,0.000347193592311,False,2.687598834213376
assist_09,same_query_concept,48,1;24;30;31;32;33;39;44;47;48;49;51;58;80;98,15,1487,320,520,839,648,True,True,0.0445902199348427,0.0014832436561869,False,2.676098198734927
assist_09,same_query_concept,6,5;6;8;9;10;11;12;13;14;30;37;40;98,13,1231,320,387,918,313,True,True,0.0701856274798589,0.0013791462796153,False,2.6718027465606475
assist_09,same_query_concept,7,1;4;7;8;9;30;44;88;93;94;98;99,12,1162,320,371,817,345,True,True,0.0703629225380827,0.0023678886833512,False,2.6717238626988022
assist_09,same_query_concept,42,30;32;38;42;49;55;78;79;80;81;82;98,12,1107,320,450,753,354,True,True,0.0522387741395292,0.0012889905273733,False,2.6685414701992904
assist_09,same_query_concept,99,7;44;57;63;81;88;90;93;94;97;98;99,12,1435,320,335,1090,345,True,True,0.0691535047209919,0.0018861407961709,False,2.658409183901996
assist_09,same_query_concept,38,30;38;42;44;49;55;78;79;80;81;82;97;98,13,863,320,402,591,272,True,True,0.0532497234210419,0.00127967126144,False,2.6582620646614705
assist_09,same_query_concept,11,0;5;6;7;8;9;10;11;13;30;98;106,12,527,320,294,395,132,True,True,0.0770948508172297,0.0018042793489858,False,2.653009503847155
assist_09,same_query_concept,9,0;4;5;6;7;8;9;10;11;30;98;106,12,655,320,325,440,215,True,True,0.0690755444802689,0.0011336387883954,False,2.6522998377705216
assist_09,same_query_concept,49,1;29;30;31;32;39;44;48;49;51;52;80;82;98,14,1646,320,527,1055,591,True,True,0.0172148101690167,0.0001902364526901,False,2.6448853843504034
assist_09,same_query_concept,32,30;32;33;42;49;55;58;79;80;81;82;98,12,1362,320,553,1002,360,True,True,0.0098333322344433,0.0001662004978122,False,2.642214602900421
assist_09,same_query_concept,41,30;32;33;34;41;42;44;49;53;79;81;82;98,13,620,320,258,377,243,True,True,0.0721352961727096,0.0033379686618538,False,2.6411699769900787
assist_09,same_query_concept,44,1;7;24;30;33;39;44;48;49;79;88;98;99,13,1190,320,541,674,516,True,True,0.0090325039439625,7.543373640788756e-05,False,2.6388608390335584
assist_09,same_query_concept,96,14;20;30;32;46;56;79;81;82;96;97;98,12,579,320,277,326,253,True,True,0.0696412846547562,0.0012674837332358,False,2.6374733309567637
assist_09,same_query_concept,33,30;32;33;41;44;46;48;51;79;81;82;97;98,13,1230,320,551,1002,228,True,True,0.0019871796388879,2.404268142931064e-05,False,2.633438154992315
assist_09,same_query_concept,4,4;7;9;11;13;14;30;48;49;80;82;98;99,13,295,295,176,253,42,True,True,0.0999025206450501,0.0037500098292029,False,2.6325175332192448
assist_09,same_query_concept,47,30;32;33;38;44;47;48;49;51;79;81;82;98,13,563,320,271,222,341,True,True,0.0621725520503882,0.001763882115468,False,2.62980828714186
assist_09,same_query_concept,53,30;33;34;37;41;46;49;52;53;79;81;82,12,512,320,191,339,173,True,True,0.0877392719433351,0.0036162121149252,False,2.627953657605814
assist_09,same_query_concept,34,30;32;33;34;35;41;46;53;79;81;82;98,12,676,320,268,528,148,True,True,0.0571012339455569,0.0023536015578297,False,2.6259867781370603
assist_09,same_query_concept,97,30;33;38;42;46;55;79;81;82;96;97;98;99,13,906,320,332,541,365,True,True,0.0391601291002345,0.000678809386638,False,2.6226896156448305
assist_09,same_query_concept,51,1;22;29;30;32;33;44;46;47;48;49;51;53,13,611,320,292,257,354,True,True,0.0489402038008538,0.0012148433159954,False,2.6218168379665423
assist_09,same_query_concept,45,14;30;32;37;45;55;58;79;81;82;97;98,12,1393,320,458,908,485,True,True,0.0059160138396903,0.0002717627195149,False,2.6199080857238046
assist_09,same_query_concept,92,6;29;30;33;42;48;79;81;82;92;98;99;106,13,269,269,160,147,122,True,True,0.0932271260131505,0.0034247691266809,False,2.615066639018321
assist_09,same_query_concept,119,1;5;7;8;9;11;30;44;56;98;99;106;119,13,322,320,152,193,129,True,True,0.0923917485892532,0.0034148899671735,False,2.609095100597191
assist_09,same_query_concept,55,30;32;37;38;42;45;55;79;80;81;82;97;98,13,729,320,399,614,115,True,True,0.0079590715760874,0.0002609326425919,False,2.6081492568572533
assist_09,same_query_concept,18,12;14;15;16;17;18;29;30;33;82;98;106,12,237,237,151,163,74,True,True,0.0919357662856828,0.0034043227899428,False,2.6079411095300817
assist_09,same_query_concept,5,5;6;7;8;9;10;11;14;49;98;106;119,12,387,320,235,251,136,True,True,0.0540748228940701,0.0007675980373022,False,2.60352839554584
assist_09,same_query_concept,56,20;30;32;37;42;55;56;79;81;82;96;98;106,13,477,320,229,360,117,True,True,0.053283006094369,0.0011889132604016,False,2.601846590028296
assist_09,same_query_concept,63,14;20;29;30;48;63;79;81;97;98;99;106,12,247,247,164,167,80,True,True,0.0778726582611776,0.0018319819673185,False,2.59579513352051
assist_09,same_query_concept,106,5;7;8;9;11;18;25;56;98;99;106;119,12,1001,320,241,494,507,True,True,0.0419708952741454,0.0008642891456239,False,2.59432182447231
assist_09,same_query_concept,89,7;20;26;29;44;88;89;90;93;94;98;99,12,574,320,139,412,162,True,True,0.0873513620411477,0.0024274098015651,False,2.5912252435083385
assist_09,same_query_concept,13,0;6;9;12;13;14;30;48;49;55;58;79;98,13,1121,320,301,570,551,True,True,0.0064430837280302,0.0001907684009853,False,2.578248859069459
assist_09,same_query_concept,94,7;30;33;44;88;89;90;93;94;98;99;101,12,203,203,149,172,31,True,True,0.0580345848856129,0.002460562664061,False,2.568940364951483
assist_09,same_query_concept,46,33;34;35;39;46;49;52;53;79;81;82;97;98,13,777,320,264,640,137,True,True,0.0080555368393431,4.681717953571175e-05,False,2.566215788156108
assist_09,same_query_concept,52,6;9;30;41;44;46;49;51;52;53;79;82;98,13,345,320,174,271,74,True,True,0.0341632535518917,0.0010280681673494,False,2.554754123613641
assist_09,same_query_concept,37,6;30;32;37;45;55;79;80;81;82;97;98,12,332,320,157,287,45,True,True,0.0459651967607778,0.0005583913689638,False,2.554458265539329
assist_09,same_query_concept,36,30;36;38;42;44;46;49;55;79;81;82;97;98,13,184,184,103,119,65,True,True,0.0777132600278021,0.0021648520894638,False,2.550811758299795
assist_09,same_query_concept,60,1;30;32;33;44;47;48;51;60;79;98;99;106,13,170,170,111,99,71,True,True,0.0586846596521972,0.0024519629287613,False,2.5403423984967524
assist_09,same_query_concept,86,13;20;29;30;32;48;49;79;82;86;98;99;106,13,347,320,126,184,163,True,True,0.0513169544662113,0.0010930698537668,False,2.540107942527138
assist_09,same_query_concept,95,13;20;29;30;42;48;49;79;82;89;95;98;99,13,342,320,112,212,130,True,True,0.0584241726580864,0.0014342062496255,False,2.5368997795278228
assist_09,same_query_concept,104,14;20;29;30;45;55;58;81;82;98;99;104,12,220,220,133,185,35,True,True,0.0358003934561593,0.0004562678283357,False,2.527409444764593
assist_09,same_query_concept,103,13;14;30;48;55;58;78;80;82;98;99;103,12,173,173,94,92,81,True,True,0.0651456525606909,0.0014373247546462,False,2.52628264073933
assist_09,same_query_concept,27,14;18;20;27;30;32;58;79;81;82;96;98,12,108,108,86,70,38,True,True,0.0705171716379552,0.0019810255406837,False,2.5250320856661483
assist_09,same_query_concept,88,7;33;44;79;87;88;89;90;93;94;98;99,12,73,73,61,68,5,True,True,0.0858466685965682,0.0033891153482086,False,2.5121165684939126
assist_09,same_query_concept,67,13;20;30;33;48;55;67;79;81;82;98;99,12,89,89,67,76,13,True,True,0.0798361227544453,0.001934925594016,False,2.5095265956481208
assist_09,same_query_concept,91,5;6;20;30;33;79;82;88;91;92;98;99,12,92,92,65,32,60,True,True,0.077018353220916,0.0031494303414614,False,2.508581548789404
assist_09,same_query_concept,58,12;13;14;30;32;45;48;58;79;81;96;98;104,13,232,232,140,104,128,True,True,0.0043772383470996,0.0002278721232509,False,2.5001647158779203
assist_09,same_query_concept,66,4;7;20;30;33;48;61;62;66;79;98;99;106,13,88,88,76,62,26,True,True,0.0534168190509555,0.0020940903115876,False,2.4961737224826743
assist_09,same_query_concept,8,5;6;7;8;9;10;11;14;30;33;98;106,12,117,117,97,54,63,True,True,0.0246571052735759,0.0013495397369524,False,2.4885520120884435
assist_09,same_query_concept,57,20;29;30;48;49;57;63;79;81;82;98;99,12,94,94,67,62,32,True,True,0.0614334276669947,0.0012900528270143,False,2.488544409492663
assist_09,same_query_concept,3,3;14;30;33;46;48;56;64;97;98;99;106;121,13,295,295,113,170,125,True,True,0.0027973729112844,6.987644994211278e-05,False,2.476696723550503
assist_09,same_query_concept,101,7;30;33;44;82;88;89;90;93;94;98;99;101,13,56,56,51,45,11,True,True,0.064003670010041,0.001444215804093,False,2.4649049050845555
assist_09,same_query_concept,54,30;33;46;49;52;53;54;79;81;82;96;98,12,116,116,68,92,24,True,True,0.0374230627489082,0.0008113080691199,False,2.4640789454851144
assist_09,same_query_concept,70,30;32;33;38;42;55;70;79;81;82;97;98;99,13,67,67,42,19,48,True,True,0.0698202911320781,0.0019431150279685,False,2.4537127628133084
assist_09,same_query_concept,85,12;13;14;18;20;29;49;82;83;84;85;98,12,85,85,65,44,41,True,True,0.0263086556619346,0.0012039642016609,False,2.450089986671221
assist_09,same_query_concept,15,15;16;18;20;25;30;46;49;79;82;98;99;106,13,78,78,58,52,26,True,True,0.0351416374167068,0.000866464249034,False,2.446361238803415
assist_09,same_query_concept,16,15;16;18;20;25;30;46;79;81;82;98;99;106,13,104,104,77,66,38,True,True,0.0057039067127745,0.0002337700436282,False,2.442309869556247
assist_09,same_query_concept,22,22;29;30;37;43;46;51;79;80;81;82;96;98,13,96,96,72,56,40,True,True,0.0097286598378172,6.665311535099179e-05,False,2.4390412164140605
assist_09,same_query_concept,84,12;13;14;18;29;30;49;82;83;84;85;98,12,81,81,61,7,74,True,True,0.0249135589320662,0.0003215401796661,False,2.43891315815524
assist_09,same_query_concept,0,0;5;6;7;9;11;12;13;14;46;49;98,12,100,100,51,75,25,True,True,0.0384950307612688,0.0004303936647152,False,2.4353409772782726
assist_09,same_query_concept,50,7;20;29;30;44;46;48;49;50;51;79;82;98,13,60,60,39,43,17,True,True,0.0589493782919893,0.001335315705983,False,2.433178586527315
assist_09,same_query_concept,1,1;7;24;30;31;32;33;44;48;49;51;106,12,57,57,50,43,14,True,True,0.0123870980166583,0.0001316098287257,False,2.406096100603994
assist_09,same_query_concept,61,30;33;49;61;62;66;79;81;82;98;99;106,12,36,36,31,22,14,True,True,0.0150056497319167,0.0004959930772413,False,2.3635632123208548
assist_17,same_query_concept,14,2;4;5;7;10;12;13;14;20;24;26;28;32;33;34;37;38;45;53;56;57;59;62;65;68,25,3621,320,1124,1714,1907,True,True,0.7101772165855226,0.0997780874035985,True,3.8118433976637687
assist_17,same_query_concept,45,2;3;4;5;7;10;11;13;14;20;24;25;26;32;33;36;37;38;44;45;46;51;57;58;59;63,26,1391,320,657,519,872,True,True,0.6951172673574494,0.0939617318823214,True,3.719884688019267
assist_17,same_query_concept,7,1;4;5;7;10;11;12;13;14;20;23;24;32;33;36;37;38;39;45;56;57;59;60;65;71;76,26,2052,320,865,1093,959,True,True,0.6700940769178801,0.0920685262223877,True,3.714756672663675
assist_17,same_query_concept,20,0;2;4;5;6;12;13;14;20;24;25;26;33;34;36;43;46;50;51;57;59;62;63;65;68,25,9301,320,1381,4310,4991,True,True,0.6400362257739866,0.0831347303654132,True,3.6957038476684008
assist_17,same_query_concept,56,2;4;5;7;10;11;13;14;20;24;26;32;33;36;37;43;44;46;53;56;57;58;59;60;64;67;68;71;72,29,1562,320,737,633,929,True,True,0.6621776163627056,0.0902666896340347,True,3.683638757358892
assist_17,same_query_concept,32,2;4;5;7;8;10;11;12;13;14;20;24;30;32;34;37;38;44;45;57;59;63;65;68;75;87,26,2778,320,930,1666,1112,True,True,0.6458198584296938,0.0869614382701116,True,3.677291539237848
assist_17,same_query_concept,14,2;3;4;5;7;10;12;13;14;20;24;26;28;32;33;34;37;38;45;53;56;57;59;62;65;68,26,31,31,28,11,20,True,True,0.8011534633432204,0.128751594576757,True,3.652889424648897
assist_17,same_query_concept,20,0;2;4;5;6;12;13;14;20;24;25;26;33;34;36;43;46;50;51;57;59;60;62;63;65;68,26,106,106,99,34,72,True,True,0.717415769711472,0.1014901586932909,True,3.583893423083445
assist_17,same_query_concept,36,4;5;7;10;11;12;13;14;20;24;25;26;28;29;32;33;34;36;41;45;46;57;59;63;65;66,26,2429,320,908,1005,1424,True,True,0.6028490386431591,0.0742254938058392,True,3.580985523284264
assist_17,same_query_concept,14,2;4;5;7;10;12;13;14;20;24;26;28;32;33;34;37;38;45;50;53;56;57;59;62;65;68,26,56,56,56,21,35,True,True,0.7267893427442507,0.1023573526790697,True,3.540523880243985
assist_17,same_query_concept,57,2;4;5;7;10;11;12;13;14;20;24;26;32;36;37;38;42;45;52;54;55;57;58;59;65;96,26,5710,320,1264,2370,3340,True,True,0.5480019873931368,0.0627619471990392,True,3.5133325163054554
assist_17,same_query_concept,33,1;2;4;5;7;10;11;13;14;20;32;33;34;35;36;37;38;43;45;56;57;63;64;65;68;70;74,27,1726,320,891,660,1066,True,True,0.551417318755341,0.0676304392405877,True,3.501285688975693
assist_17,same_query_concept,53,2;3;4;5;7;10;11;12;13;14;20;24;26;28;32;33;36;39;44;50;53;57;58;59;62;68,26,771,320,512,350,421,True,True,0.589322693763955,0.0702080309057052,True,3.4941824019038528
assist_17,same_query_concept,59,0;4;5;6;7;10;11;12;13;14;20;24;32;36;45;46;47;50;57;58;59;62;63;66;68;74,26,1917,320,808,793,1124,True,True,0.5645334307105239,0.0649861130331309,True,3.4940577745488968
assist_17,same_query_concept,20,0;2;4;5;6;12;13;14;20;24;25;26;32;33;34;36;43;46;50;51;57;59;62;63;65;68,26,45,45,45,21,24,True,True,0.6981066853108334,0.0996402114891098,True,3.4795316709161823
assist_17,same_query_concept,14,2;4;5;7;10;12;13;14;20;24;26;28;32;33;34;37;38;45;53;56;57;59;62;65;67;68,26,32,32,29,10,22,True,True,0.7228814246012685,0.1024795710689811,True,3.4729194470434086
assist_17,same_query_concept,14,2;4;5;7;10;12;13;14;20;24;26;28;32;33;34;37;38;45;53;56;57;59;62;64;65;68,26,23,23,23,7,16,True,True,0.731492237111433,0.1053754548750696,True,3.470799439646506
assist_17,same_query_concept,14,2;4;5;7;10;12;13;14;20;24;26;28;32;33;34;37;38;45;53;54;56;57;59;62;65;68,26,44,44,44,25,19,True,True,0.6868747400718747,0.0953093174416038,True,3.448778258815322
assist_17,same_query_concept,24,2;4;5;7;10;11;13;14;20;23;24;32;36;37;38;39;45;50;57;58;59;62;63;65;71;90;92,27,904,320,588,318,586,True,True,0.5443034576664676,0.0641617677207021,True,3.438793146914435
assist_17,same_query_concept,20,0;2;4;5;6;12;13;14;20;24;25;26;33;34;36;43;46;48;50;51;57;59;62;63;65;68,26,307,307,266,135,172,True,True,0.5761671545291227,0.0690228982933551,True,3.4109836135425686
assist_17,same_query_concept,14,2;4;5;7;10;12;13;14;20;24;26;28;32;33;34;37;38;42;45;53;56;57;59;62;65;68,26,27,27,27,15,12,True,True,0.6938326846194973,0.09502172368035,True,3.4071400303584185
assist_17,same_query_concept,37,2;4;5;7;8;10;11;12;13;14;20;24;26;32;33;34;36;37;38;42;44;45;56;57;65,25,1239,320,530,673,566,True,True,0.5260027375861577,0.0626145441702469,True,3.4039371163913392
assist_17,same_query_concept,1,0;1;2;4;5;7;10;11;13;14;20;26;32;33;36;37;38;45;46;57;58;59;62;65;67;96,26,1059,320,572,401,658,True,True,0.5328666575455312,0.0582591579214208,True,3.400991860902689
assist_17,same_query_concept,14,2;4;5;7;10;12;13;14;20;24;26;28;32;33;34;37;38;41;45;53;56;57;59;62;65;68,26,41,41,41,10,31,True,True,0.6648650307631109,0.086380182881461,True,3.384152724117292
assist_17,same_query_concept,14,2;4;5;7;10;12;13;14;18;20;24;26;28;32;33;34;37;38;45;53;56;57;59;62;65;68,26,42,42,41,14,28,True,True,0.6494753667395763,0.0878548860913871,True,3.3746618729334616
assist_17,same_query_concept,62,0;2;4;7;10;11;13;14;20;24;29;32;33;35;37;38;45;46;52;53;54;57;59;62;65;74,26,1289,320,717,604,685,True,True,0.4972539216326598,0.054536486992651,True,3.3730468265080864
assist_17,same_query_concept,34,2;4;5;6;7;10;11;12;13;14;20;24;32;33;34;36;37;38;39;46;47;50;57;58;60;68;71,27,1533,320,841,633,900,True,True,0.4963140411472935,0.0506035103572443,True,3.3723060840005035
assist_17,same_query_concept,10,1;2;4;5;7;10;11;12;13;14;20;24;26;28;32;33;36;37;38;45;56;57;58;59;60;65;71;79,28,1299,320,701,610,689,True,True,0.5008306411415085,0.053433670872355,True,3.3699586650335096
assist_17,same_query_concept,2,2;4;7;10;11;12;13;14;20;23;24;25;32;35;38;44;45;46;53;56;57;58;63;68;83;85,26,1576,320,853,672,904,True,True,0.4724139864868945,0.0554524214305971,True,3.36921679158814
assist_17,same_query_concept,11,0;1;2;4;5;7;8;10;11;12;13;14;20;24;26;29;30;32;36;38;39;44;45;57;58;62;65,27,1194,320,676,550,644,True,True,0.497158638739321,0.050871715699162,True,3.3524126288271967
assist_17,same_query_concept,14,2;4;5;7;10;12;13;14;20;24;26;28;32;33;34;37;38;45;49;53;56;57;59;62;65;68,26,25,25,25,7,18,True,True,0.6664447177293216,0.0897902130798354,True,3.351415223850811
assist_17,same_query_concept,44,2;4;5;6;7;10;11;13;14;20;23;26;29;32;36;37;38;44;45;46;56;57;58;68;71;81,26,1357,320,737,515,842,True,True,0.4808462592253254,0.0492931038094783,True,3.338413056923286
assist_17,same_query_concept,29,0;2;4;5;7;10;11;12;13;14;20;23;24;26;29;32;35;36;37;38;44;45;57;58;59;62;68;74;87,29,396,320,332,117,279,True,True,0.5307280584051601,0.0561343883818652,True,3.336079860930665
assist_17,same_query_concept,5,4;5;7;10;12;13;14;20;26;32;33;34;36;37;44;45;46;47;57;58;59;63;68;69;77;94,26,1978,320,994,669,1309,True,True,0.446383122592636,0.0489619329856573,True,3.3325051282511247
assist_17,same_query_concept,20,0;2;4;5;6;11;12;13;14;20;24;25;26;33;34;36;43;46;50;51;57;59;62;63;65;68,26,81,81,81,22,59,True,True,0.5974929789000295,0.0729136504519487,True,3.3298195054342496
assist_17,same_query_concept,14,2;4;5;7;10;12;13;14;15;20;24;26;28;32;33;34;37;38;45;53;56;57;59;62;65;68,26,43,43,36,26,17,True,True,0.6333169680245472,0.0835863802553829,True,3.328754280310502
assist_17,same_query_concept,4,0;2;4;5;7;10;11;12;13;14;20;26;32;33;36;41;44;45;46;51;53;56;57;58;59;62;68,27,1884,320,894,820,1064,True,True,0.4565438124225623,0.0467386754502968,True,3.323180886051236
assist_17,same_query_concept,38,0;2;4;5;7;10;11;12;13;14;20;24;26;32;33;34;36;37;38;44;45;57;58;62;65;84;85,27,1387,320,627,814,573,True,True,0.4734539483200162,0.0488785083105351,True,3.313221998208977
assist_17,same_query_concept,78,0;2;4;5;7;10;11;12;13;14;20;33;34;36;43;50;56;57;58;59;60;63;68;69;78,25,270,270,212,125,145,True,True,0.5353518392365759,0.0603308349632701,True,3.3128043956605997
assist_17,same_query_concept,20,0;2;4;5;6;12;13;14;20;24;25;26;28;33;34;36;43;46;50;51;57;59;62;63;65;68,26,32,32,30,15,17,True,True,0.6364826188116272,0.0823331939927438,True,3.3092141152311174
assist_17,same_query_concept,20,0;2;4;5;6;12;13;14;20;24;25;26;33;34;36;43;46;50;51;54;57;59;62;63;65;68,26,44,44,43,20,24,True,True,0.6096533297808192,0.0773761375532693,True,3.297576843385723
assist_17,same_query_concept,14,2;4;5;7;10;12;13;14;17;20;24;26;28;32;33;34;37;38;45;53;56;57;59;62;65;68,26,27,27,27,15,12,True,True,0.6258963011736919,0.0826115149756403,True,3.2895628120937737
assist_17,same_query_concept,20,0;2;4;5;6;12;13;14;20;24;25;26;31;33;34;36;43;46;50;51;57;59;62;63;65;68,26,38,38,38,11,27,True,True,0.6128989189501035,0.0774565441477648,True,3.2890812601541275
assist_17,same_query_concept,39,2;3;4;5;7;10;11;12;13;14;20;24;26;32;33;34;36;37;38;39;44;45;48;53;57;58;61,27,708,320,480,451,257,True,True,0.483528061210505,0.0465733648781598,True,3.2874082477337208
assist_17,same_query_concept,14,2;4;5;6;7;10;12;13;14;20;24;26;28;32;33;34;37;38;45;53;56;57;59;62;65;68,26,30,30,30,18,12,True,True,0.6183989819977254,0.0792856524983516,True,3.278940312439647
assist_17,same_query_concept,74,2;4;5;7;10;13;14;20;24;26;29;30;32;33;36;51;56;57;58;59;60;62;63;68;69;74,26,450,320,342,203,247,True,True,0.4847059931159827,0.0494155990366319,True,3.2661414339791044
assist_17,same_query_concept,20,0;2;4;5;6;12;13;14;20;24;25;26;33;34;36;37;43;46;50;51;57;59;62;63;65;68,26,53,53,53,38,15,True,True,0.5836260394717195,0.0697952911962349,True,3.2617056089130863
assist_17,same_query_concept,64,0;2;4;5;7;10;11;12;13;14;20;24;26;32;33;34;36;43;50;57;58;59;60;63;64;68,26,699,320,462,234,465,True,True,0.4555757181305398,0.0448262462486726,True,3.2486534085338543
assist_17,same_query_concept,7,1;4;5;7;10;11;12;13;14;20;23;24;32;33;36;37;38;39;45;49;56;57;59;60;65;71;76,27,66,66,66,41,25,True,True,0.5558672057360348,0.0668376119674329,True,3.243686915544863
assist_17,same_query_concept,60,0;2;4;5;7;10;11;13;14;20;26;32;33;34;36;38;44;46;50;57;58;59;60;68;71,25,1053,320,538,456,597,True,True,0.4390115045547432,0.0422230706564013,True,3.2368753442712483
assist_17,same_query_concept,0,0;2;4;5;7;10;11;12;13;14;20;24;26;32;33;36;37;38;41;45;57;58;59;62;67;68,26,1215,320,693,470,745,True,True,0.4083911955533657,0.0400589246803884,True,3.2228740903256
assist_17,same_query_concept,36,4;5;7;10;11;12;13;14;20;24;25;26;27;28;29;32;33;34;36;41;45;46;57;59;63;65;66,27,41,41,41,22,19,True,True,0.5725176610678671,0.0665773818907095,True,3.212594150459042
assist_17,same_query_concept,14,2;4;5;7;10;12;13;14;16;20;24;26;28;32;33;34;37;38;45;53;56;57;59;62;65;68,26,25,25,25,22,3,True,True,0.5885186619545103,0.0744239824707125,True,3.2120242456395083
assist_17,same_query_concept,23,2;4;5;7;10;11;13;14;20;23;24;26;29;30;32;33;36;44;50;51;57;58;59;62;64;68,26,219,219,180,69,150,True,True,0.4865563585865742,0.0498391145524322,True,3.205762519922886
assist_17,same_query_concept,71,2;4;5;7;10;11;13;14;20;24;26;32;33;34;36;44;45;51;56;57;58;59;60;67;68;71;96,27,740,320,489,351,389,True,True,0.4210855019698091,0.038147295889054,True,3.193115224636492
assist_17,same_query_concept,65,0;1;2;4;5;7;10;11;13;14;20;24;26;30;32;33;35;36;37;38;45;47;57;62;65,25,700,320,391,204,496,True,True,0.4242835207243515,0.0412816414184163,True,3.186536270377063
assist_17,same_query_concept,46,2;4;5;6;7;10;11;12;13;14;20;26;32;36;45;46;48;51;56;57;58;62;68;69;89,25,909,320,624,374,535,True,True,0.3845367573126297,0.037129515031414,True,3.1768299824119257
assist_17,same_query_concept,36,4;5;7;10;11;12;13;14;20;24;25;26;28;29;32;33;34;36;41;45;46;57;59;63;65;66;67,27,38,38,38,16,22,True,True,0.5406932839589559,0.0609946875229593,True,3.151028198663758
assist_17,same_query_concept,63,0;2;4;5;7;10;13;14;20;24;26;32;33;36;40;45;48;51;57;58;59;63;68;70;74;78,26,1111,320,605,518,593,True,True,0.3590576212741783,0.0332831032542539,True,3.132878032898126
assist_17,same_query_concept,59,0;4;5;6;7;10;11;12;13;14;20;24;32;36;45;46;47;48;50;57;58;59;62;63;66;68;74,27,54,54,54,11,43,True,True,0.5138914191191402,0.0534861352636969,True,3.1285692786971757
assist_17,same_query_concept,59,0;4;5;6;7;10;11;12;13;14;20;24;31;32;36;45;46;47;50;57;58;59;62;63;66;68;74,27,70,70,67,32,38,True,True,0.4875664516455346,0.0502044774691547,True,3.1103351320397645
assist_17,same_query_concept,10,1;2;4;5;7;10;11;12;13;14;20;23;24;26;28;32;33;36;37;38;45;56;57;58;59;60;65;71;79,29,202,202,180,71,131,True,True,0.4286057205959501,0.0403340999361313,True,3.109791823467058
assist_17,same_query_concept,33,1;2;4;5;7;10;11;13;14;20;32;33;34;35;36;37;38;43;45;56;57;63;64;65;68;70;74;86,28,123,123,123,53,70,True,True,0.448422356809168,0.0440792548411848,True,3.106767532734411
assist_17,same_query_concept,41,0;2;4;5;7;10;11;12;13;14;20;26;32;33;34;36;37;38;41;44;45;50;57;59;60,25,407,320,309,172,235,True,True,0.3847334428519691,0.0345536230987164,True,3.096605164994754
assist_17,same_query_concept,58,0;1;2;4;5;7;10;11;12;13;14;20;24;26;32;33;36;44;45;46;57;58;59;63;68,25,1239,320,719,404,835,True,True,0.3058954575958795,0.0285965623879283,True,3.0782068283486037
assist_17,same_query_concept,36,4;5;7;10;11;12;13;14;20;23;24;25;26;28;29;32;33;34;36;41;45;46;57;59;63;65;66,27,53,53,53,33,20,True,True,0.4746045484914082,0.0499206982459456,True,3.073185746131618
assist_17,same_query_concept,33,1;2;4;5;7;10;11;13;14;20;31;32;33;34;35;36;37;38;43;45;56;57;63;64;65;68;70;74,28,28,28,28,12,16,True,True,0.514010427080624,0.0555085186779415,True,3.072774084791037
assist_17,same_query_concept,69,0;2;4;5;6;7;10;13;14;20;25;26;32;33;36;43;44;45;46;57;58;59;63;68;69;74,26,598,320,456,258,340,True,True,0.3416140716862163,0.0274385695334271,True,3.063836688909346
assist_17,same_query_concept,59,0;4;5;6;7;10;11;12;13;14;20;24;32;36;45;46;47;50;57;58;59;62;63;66;68;74;93,27,51,51,51,14,37,True,True,0.4680319528060835,0.0484099968770426,True,3.0567963121723976
assist_17,same_query_concept,67,0;1;2;4;5;7;10;11;12;13;14;20;24;26;32;33;36;38;44;45;56;57;58;61;65;67;71,27,415,320,347,183,232,True,True,0.3565716174176149,0.0275286737287703,True,3.0519065603101443
assist_17,same_query_concept,26,0;1;2;4;5;7;10;11;13;14;20;24;26;32;33;35;36;37;44;45;46;53;57;58;60;63,26,917,320,601,422,495,True,True,0.2948191442519353,0.0269681849290836,True,3.042717628499152
assist_17,same_query_concept,13,0;2;4;5;7;10;11;12;13;14;20;24;26;32;33;36;44;53;56;57;58;59;62;63;68;74,26,955,320,527,347,608,True,True,0.303320738866253,0.0266247120119203,True,3.0367292152845606
assist_17,same_query_concept,3,0;2;3;4;5;7;10;11;13;14;20;24;26;32;33;36;38;39;44;45;53;57;58;59;64;68;85,27,580,320,415,251,329,True,True,0.3246845004669294,0.0260213352964374,True,3.031838367678806
assist_17,same_query_concept,10,1;2;4;5;7;10;11;12;13;14;20;24;26;28;32;33;36;37;38;45;56;57;58;59;60;65;69;71;79,29,123,123,95,70,53,True,True,0.4203007537779202,0.0383925939781183,True,3.030305948837177
assist_17,same_query_concept,10,1;2;4;5;7;10;11;12;13;14;20;24;26;28;32;33;36;37;38;42;45;56;57;58;59;60;65;71;79,29,87,87,84,46,41,True,True,0.42792279433295,0.0393184462792481,True,3.0294617050989743
assist_17,same_query_concept,47,0;1;2;4;5;7;10;11;13;14;20;32;33;34;36;37;38;44;45;46;47;57;59;62;65,25,383,320,292,211,172,True,True,0.3527039963094832,0.0268506451671761,True,3.0281238378798947
assist_17,same_query_concept,28,0;2;4;5;7;10;11;12;13;14;20;24;26;28;32;33;36;44;46;50;53;57;58;59;60;68,26,563,320,454,253,310,True,True,0.3073855793733101,0.0214383839206283,True,3.0051688569509185
assist_17,same_query_concept,50,2;4;5;7;10;11;12;13;14;20;24;26;28;32;33;34;36;50;53;57;58;59;60;64;68;79,26,529,320,356,233,296,True,True,0.3049089080687311,0.0273296114768235,True,3.0020009321539893
assist_17,same_query_concept,88,0;2;4;5;7;10;11;12;13;14;20;26;32;33;34;36;37;38;44;45;46;57;58;59;88,25,195,195,166,65,130,True,True,0.360107200957466,0.0287609502046619,True,2.986950383017789
assist_17,same_query_concept,68,0;2;4;5;7;9;10;11;12;13;14;20;26;29;32;33;36;44;50;53;57;58;59;60;63;68;71,27,1744,320,902,620,1124,True,True,0.2238647632053957,0.0178615733388964,True,2.97588331190268
assist_17,same_query_concept,79,0;2;4;5;7;10;11;12;13;14;20;26;32;33;36;37;44;45;46;50;51;57;58;59;68;79,26,840,320,564,390,450,True,True,0.2622495455482383,0.0136329717072882,True,2.9504640054920355
assist_17,same_query_concept,51,2;4;5;7;10;11;13;14;20;26;32;33;36;37;38;44;45;46;51;57;58;59;63;68;79,25,614,320,421,282,332,True,True,0.2490176969593724,0.0197739374971801,True,2.932613978351694
assist_17,same_query_concept,35,0;2;4;5;7;10;11;12;13;14;20;24;26;29;32;33;35;36;44;46;57;58;59;62;65;66;76,27,680,320,480,290,390,True,True,0.2161381871655492,0.0217325627259467,True,2.9206551650799124
assist_17,same_query_concept,36,4;5;7;10;11;12;13;14;19;20;24;25;26;28;29;32;33;34;36;41;45;46;57;59;63;65;66,27,36,36,36,12,24,True,True,0.3965699168160545,0.038341375860905,True,2.911027211524097
assist_17,same_query_concept,30,2;4;5;7;10;11;13;14;20;23;24;26;30;32;33;35;36;37;45;51;57;58;59;62;65;74,26,242,242,222,85,157,True,True,0.2786613371138373,0.0189751120783199,True,2.895278962573129
assist_17,same_query_concept,66,0;2;4;5;7;10;11;13;14;20;26;32;33;35;36;44;45;57;58;59;62;66;68;76,24,411,320,320,144,267,True,True,0.251557576597557,0.0132254087498574,True,2.8816033239099883
assist_17,same_query_concept,49,0;2;4;5;7;10;12;13;14;20;26;32;33;34;36;45;49;50;56;57;58;59;63;64;68,25,151,151,98,75,76,True,True,0.3281999791962078,0.0221297581425838,True,2.876230996780002
assist_17,same_query_concept,42,0;2;4;5;7;10;11;13;14;20;24;26;32;33;36;37;38;40;42;44;45;57;59;60;62;82;84,27,513,320,381,312,201,True,True,0.2148039813360621,0.01563968610978,True,2.87190478663584
assist_17,same_query_concept,43,0;4;5;7;10;11;13;14;20;24;26;32;33;36;43;44;45;56;57;58;59;63;64;68;69,25,439,320,327,196,243,True,True,0.2072398630127609,0.0149554448360013,True,2.8463630031951808
assist_17,same_query_concept,54,0;2;4;5;7;10;11;13;14;20;24;26;32;33;34;36;37;38;44;45;54;57;59;62;68,25,211,211,167,100,111,True,True,0.2521400326218659,0.018396807657234,True,2.838123661191128
assist_17,same_query_concept,2,2;4;7;10;11;12;13;14;20;23;24;25;32;35;38;44;45;46;53;56;57;58;63;68;83;85;99,27,38,38,38,20,18,True,True,0.3438377856520803,0.0289027365470162,True,2.82580489645311
assist_17,same_query_concept,8,2;4;5;7;8;10;11;12;13;14;20;26;29;32;33;34;36;37;38;44;45;57;58;59;62;68,26,333,320,292,116,217,True,True,0.2115664820042956,0.0109166041966193,True,2.8232501596924795
assist_17,same_query_concept,31,0;2;4;5;7;10;11;12;13;14;20;26;31;32;33;36;37;38;44;57;58;59;60;68,24,168,168,161,86,82,True,True,0.2447233236768218,0.015814689595181,True,2.8167417155807843
assist_17,same_query_concept,12,0;2;4;5;7;10;11;12;13;14;20;24;25;26;32;33;34;36;38;44;45;57;58;59;68,25,621,320,451,175,446,True,True,0.1460099050279008,0.0078262242520396,True,2.7886830200192825
assist_17,same_query_concept,48,2;4;5;7;10;11;13;14;20;24;26;32;33;36;37;38;39;44;45;46;48;51;57;58;59;63,26,119,119,110,67,52,True,True,0.2251574416735797,0.0187970940159758,True,2.7712988378687164
assist_17,same_query_concept,25,0;2;4;5;6;7;10;12;13;14;20;24;25;32;33;36;44;45;51;57;58;59;62;68;69,25,212,212,200,65,147,True,True,0.1918102681420512,0.011554570400133,True,2.768359040548491
assist_17,same_query_concept,6,2;4;5;6;7;10;11;12;13;14;20;24;26;32;34;36;44;45;46;57;58;59;63;68;94,25,199,199,181,98,101,True,True,0.1539434043576041,0.0119801692854127,True,2.7222647502069344
assist_17,same_query_concept,70,0;2;4;5;7;12;13;14;20;26;32;33;34;36;44;46;50;56;57;58;59;62;63;64;68;70,26,286,286,211,108,178,True,True,0.1003072946511998,0.0064122153529127,True,2.661614783530052
assist_17,same_query_concept,40,2;4;5;7;10;11;12;14;20;24;26;32;33;36;37;38;40;42;44;45;57;58;59;63;65;85,26,176,176,164,84,92,True,True,0.1022569428743694,0.0026327892901257,True,2.62338264742493
assist_17,same_query_concept,73,0;2;4;5;7;10;11;13;14;20;24;26;32;33;34;36;38;44;45;57;58;59;60;68;73,25,63,63,63,43,20,True,True,0.1557100938966634,0.0080222012358033,True,2.603687207175844
assist_17,same_query_concept,55,0;2;4;5;7;10;11;13;14;20;24;26;32;33;34;36;37;43;44;45;55;57;59;60;68,25,121,121,101,82,39,True,True,0.1079777106358387,0.0068386685263667,True,2.597829666069733
assist_17,same_query_concept,80,0;2;4;5;7;10;11;13;14;20;26;32;33;34;36;38;44;45;46;57;58;59;60;68;80,25,51,51,50,40,11,True,True,0.1429454320155248,0.0072072395535498,True,2.564956953502157
assist_17,same_query_concept,87,0;2;4;5;7;10;13;14;20;25;26;29;32;33;36;44;46;51;53;57;58;59;68;74;87,25,275,275,244,103,172,True,True,0.0774230585713323,0.0023521233229041,False,2.6369573729174216
assist_17,same_query_concept,76,0;2;4;5;7;10;11;13;14;20;24;26;32;33;35;36;43;50;57;58;59;66;67;68;76,25,288,288,193,153,135,True,True,0.0418633690976517,0.0021429892158332,False,2.5772211418673177
assist_17,same_query_concept,85,0;2;3;4;5;7;10;11;12;13;14;20;24;32;33;36;38;40;44;46;51;56;57;58;59;63;71;85,28,86,86,81,37,49,True,True,0.0881893504137825,0.0070171922970011,False,2.5569300443282126
assist_17,same_query_concept,94,0;4;5;6;7;10;11;13;14;20;26;32;33;34;36;45;51;57;58;59;62;63;64;68;71;94,26,101,101,95,26,75,True,True,0.0711373607531641,0.0043665348546139,False,2.545038319318403
assist_17,same_query_concept,52,0;2;4;5;7;10;11;13;14;20;26;32;33;34;36;37;38;44;45;46;52;57;58;59;62;68,26,173,173,147,63,110,True,True,0.0292152867093097,0.0023201285658174,False,2.538217028348991
assist_17,same_query_concept,72,0;2;4;5;7;10;13;14;20;24;26;32;33;36;44;45;50;56;57;58;59;60;62;68;72,25,136,136,121,60,76,True,True,0.0350207438378792,0.0018119666056705,False,2.522670714733888
assist_17,same_query_concept,27,0;2;4;5;7;10;11;13;14;20;26;27;28;32;33;34;36;37;38;44;45;51;57;58;59,25,130,130,125,71,59,True,True,0.0160304649987511,0.0004030242260665,False,2.501270752598165
assist_17,same_query_concept,92,0;2;5;7;10;11;12;13;14;20;24;26;32;33;36;37;38;44;46;57;58;59;62;65;79;92,26,73,73,73,11,62,True,True,0.0216818645006328,0.0009076387281769,False,2.455718928733758
assist_17,same_query_concept,91,0;2;4;5;7;10;11;12;13;14;20;24;32;33;34;36;37;38;45;57;58;59;62;65;91,25,76,76,76,41,35,True,True,0.0151863200212171,0.000962757134219,False,2.4534178907434616
assist_17,same_query_concept,90,0;2;4;5;7;10;11;13;14;24;26;32;33;34;36;37;38;45;51;57;58;59;62;65;90,25,63,63,63,9,54,True,True,0.0184198674917832,0.0006620482639707,False,2.4369563688836338
assist_17,same_query_concept,75,0;2;4;5;7;10;11;13;14;20;32;33;34;36;44;46;51;56;57;58;59;60;63;68;75,25,79,79,66,28,51,True,True,0.007609039115149,0.0003776983977244,False,2.4295890946451437
assist_17,same_query_concept,82,0;2;4;5;7;10;11;13;14;20;26;32;33;34;36;42;44;45;53;57;58;59;62;68;71;82,26,34,34,34,16,18,True,True,0.0262266431949751,0.0016287754386768,False,2.388276551098624
assist_17,same_query_concept,77,0;2;4;5;7;10;11;13;14;20;26;32;33;34;36;44;45;53;56;57;58;59;63;68;77,25,30,30,30,17,13,True,True,0.0109710218559902,0.0006072773195519,False,2.3567988515827127
