dataset,case_id,learner_id_anonymized,query_item_id,query_concept_id,query_concept_name,true_label,query_mastery,query_recent_mastery,query_count,history_len,pred_global,pred_no_filter,pred_full,prediction_shift_full_minus_global,gate_alpha,support_col_index,support_valid_mask,support_concept_id,support_concept_name,global_support_prob,posterior_prob,posterior_minus_global,support_mastery,support_recent_mastery,support_count,support_identical_check_passed,train_only_support_check_passed,mean_pairwise_l1,mean_pairwise_js
assist_09,assist_09_Q29_S12,S1,,29,C29,1.0,-0.3373951315879822,-0.2849273085594177,,,0.8886875510215759,,0.6332253813743591,-0.2554621696472168,0.1140956208109855,1,True,12,C12,0.0073850638445782,0.0039295514428735,-0.0034555124017046,-0.4073570668697357,-0.8066278100013733,2.0,True,True,0.1725322904243775,0.0073423780173345
assist_09,assist_09_Q29_S12,S1,,29,C29,1.0,-0.3373951315879822,-0.2849273085594177,,,0.8886875510215759,,0.6332253813743591,-0.2554621696472168,0.1140956208109855,2,True,14,C14,0.0176807574611057,0.0541203360383838,0.0364395785772781,0.2116261720657348,-0.0740755796432495,17.0,True,True,0.1725322904243775,0.0073423780173345
assist_09,assist_09_Q29_S12,S1,,29,C29,1.0,-0.3373951315879822,-0.2849273085594177,,,0.8886875510215759,,0.6332253813743591,-0.2554621696472168,0.1140956208109855,3,True,17,C17,0.0772345307149968,0.0625161931519656,-0.0147183375630311,0.1324284076690673,0.3203372955322265,1.0,True,True,0.1725322904243775,0.0073423780173345
assist_09,assist_09_Q29_S12,S1,,29,C29,1.0,-0.3373951315879822,-0.2849273085594177,,,0.8886875510215759,,0.6332253813743591,-0.2554621696472168,0.1140956208109855,4,True,18,C18,0.007645127983498,0.0118738288949691,0.0042287009114711,0.1628206968307495,0.3863064050674438,1.0,True,True,0.1725322904243775,0.0073423780173345
assist_09,assist_09_Q29_S12,S1,,29,C29,1.0,-0.3373951315879822,-0.2849273085594177,,,0.8886875510215759,,0.6332253813743591,-0.2554621696472168,0.1140956208109855,5,True,20,C20,0.011217983619224,0.2320596503819885,0.2208416667627645,-0.5461462736129761,-0.4212992191314697,47.0,True,True,0.1725322904243775,0.0073423780173345
assist_09,assist_09_Q29_S12,S1,,29,C29,1.0,-0.3373951315879822,-0.2849273085594177,,,0.8886875510215759,,0.6332253813743591,-0.2554621696472168,0.1140956208109855,6,True,23,C23,0.2119991911542808,0.1680334774923808,-0.0439657136619,0.2115950584411621,0.2956990003585815,6.0,True,True,0.1725322904243775,0.0073423780173345
assist_09,assist_09_Q29_S12,S1,,29,C29,1.0,-0.3373951315879822,-0.2849273085594177,,,0.8886875510215759,,0.6332253813743591,-0.2554621696472168,0.1140956208109855,7,True,29,C29,0.0500228336366125,0.0096057877868487,-0.0404170458497638,-0.3373951315879822,-0.2849273085594177,35.0,True,True,0.1725322904243775,0.0073423780173345
assist_09,assist_09_Q29_S12,S1,,29,C29,1.0,-0.3373951315879822,-0.2849273085594177,,,0.8886875510215759,,0.6332253813743591,-0.2554621696472168,0.1140956208109855,8,True,48,C48,0.0033738935321007,0.0814179987496981,0.0780441052175973,0.2848849594593048,0.9427875280380248,22.0,True,True,0.1725322904243775,0.0073423780173345
assist_09,assist_09_Q29_S12,S1,,29,C29,1.0,-0.3373951315879822,-0.2849273085594177,,,0.8886875510215759,,0.6332253813743591,-0.2554621696472168,0.1140956208109855,9,True,49,C49,0.6004126514901441,0.1509208658478328,-0.4494917856423113,-0.7202586531639099,-0.443634033203125,35.0,True,True,0.1725322904243775,0.0073423780173345
assist_09,assist_09_Q29_S12,S1,,29,C29,1.0,-0.3373951315879822,-0.2849273085594177,,,0.8886875510215759,,0.6332253813743591,-0.2554621696472168,0.1140956208109855,10,True,51,C51,0.0027223665853731,0.0624087469389731,0.0596863803535999,-0.2054999619722366,-0.4752214550971985,1.0,True,True,0.1725322904243775,0.0073423780173345
assist_09,assist_09_Q29_S12,S1,,29,C29,1.0,-0.3373951315879822,-0.2849273085594177,,,0.8886875510215759,,0.6332253813743591,-0.2554621696472168,0.1140956208109855,11,True,98,C98,0.007541391457016,0.1459821296014923,0.1384407381444762,-0.0098935961723327,-0.1755129694938659,34.0,True,True,0.1725322904243775,0.0073423780173345
assist_09,assist_09_Q29_S12,S1,,29,C29,1.0,-0.3373951315879822,-0.2849273085594177,,,0.8886875510215759,,0.6332253813743591,-0.2554621696472168,0.1140956208109855,12,True,99,C99,0.0027642085210697,0.0171314336725933,0.0143672251515235,-0.1481462717056274,-0.6070986986160278,37.0,True,True,0.1725322904243775,0.0073423780173345
assist_09,assist_09_Q29_S12,S2,,29,C29,0.0,-0.3373951315879822,-0.2849273085594177,,,0.8510714769363403,,0.4671900272369385,-0.38388144969940186,0.1140956208109855,1,True,12,C12,0.0073850638445782,0.0039295514428735,-0.0034555124017046,-0.4073570668697357,-0.8066278100013733,2.0,True,True,0.1725322904243775,0.0073423780173345
assist_09,assist_09_Q29_S12,S2,,29,C29,0.0,-0.3373951315879822,-0.2849273085594177,,,0.8510714769363403,,0.4671900272369385,-0.38388144969940186,0.1140956208109855,2,True,14,C14,0.0176807574611057,0.0541203360383838,0.0364395785772781,0.2116261720657348,-0.0740755796432495,17.0,True,True,0.1725322904243775,0.0073423780173345
assist_09,assist_09_Q29_S12,S2,,29,C29,0.0,-0.3373951315879822,-0.2849273085594177,,,0.8510714769363403,,0.4671900272369385,-0.38388144969940186,0.1140956208109855,3,True,17,C17,0.0772345307149968,0.0625161931519656,-0.0147183375630311,0.1324284076690673,0.3203372955322265,1.0,True,True,0.1725322904243775,0.0073423780173345
assist_09,assist_09_Q29_S12,S2,,29,C29,0.0,-0.3373951315879822,-0.2849273085594177,,,0.8510714769363403,,0.4671900272369385,-0.38388144969940186,0.1140956208109855,4,True,18,C18,0.007645127983498,0.0118738288949691,0.0042287009114711,0.1628206968307495,0.3863064050674438,1.0,True,True,0.1725322904243775,0.0073423780173345
assist_09,assist_09_Q29_S12,S2,,29,C29,0.0,-0.3373951315879822,-0.2849273085594177,,,0.8510714769363403,,0.4671900272369385,-0.38388144969940186,0.1140956208109855,5,True,20,C20,0.011217983619224,0.2320596503819885,0.2208416667627645,-0.5461462736129761,-0.4212992191314697,47.0,True,True,0.1725322904243775,0.0073423780173345
assist_09,assist_09_Q29_S12,S2,,29,C29,0.0,-0.3373951315879822,-0.2849273085594177,,,0.8510714769363403,,0.4671900272369385,-0.38388144969940186,0.1140956208109855,6,True,23,C23,0.2119991911542808,0.1680334774923808,-0.0439657136619,0.2115950584411621,0.2956990003585815,6.0,True,True,0.1725322904243775,0.0073423780173345
assist_09,assist_09_Q29_S12,S2,,29,C29,0.0,-0.3373951315879822,-0.2849273085594177,,,0.8510714769363403,,0.4671900272369385,-0.38388144969940186,0.1140956208109855,7,True,29,C29,0.0500228336366125,0.0096057877868487,-0.0404170458497638,-0.3373951315879822,-0.2849273085594177,35.0,True,True,0.1725322904243775,0.0073423780173345
assist_09,assist_09_Q29_S12,S2,,29,C29,0.0,-0.3373951315879822,-0.2849273085594177,,,0.8510714769363403,,0.4671900272369385,-0.38388144969940186,0.1140956208109855,8,True,48,C48,0.0033738935321007,0.0814179987496981,0.0780441052175973,0.2848849594593048,0.9427875280380248,22.0,True,True,0.1725322904243775,0.0073423780173345
assist_09,assist_09_Q29_S12,S2,,29,C29,0.0,-0.3373951315879822,-0.2849273085594177,,,0.8510714769363403,,0.4671900272369385,-0.38388144969940186,0.1140956208109855,9,True,49,C49,0.6004126514901441,0.1509208658478328,-0.4494917856423113,-0.7202586531639099,-0.443634033203125,35.0,True,True,0.1725322904243775,0.0073423780173345
assist_09,assist_09_Q29_S12,S2,,29,C29,0.0,-0.3373951315879822,-0.2849273085594177,,,0.8510714769363403,,0.4671900272369385,-0.38388144969940186,0.1140956208109855,10,True,51,C51,0.0027223665853731,0.0624087469389731,0.0596863803535999,-0.2054999619722366,-0.4752214550971985,1.0,True,True,0.1725322904243775,0.0073423780173345
assist_09,assist_09_Q29_S12,S2,,29,C29,0.0,-0.3373951315879822,-0.2849273085594177,,,0.8510714769363403,,0.4671900272369385,-0.38388144969940186,0.1140956208109855,11,True,98,C98,0.007541391457016,0.1459821296014923,0.1384407381444762,-0.0098935961723327,-0.1755129694938659,34.0,True,True,0.1725322904243775,0.0073423780173345
assist_09,assist_09_Q29_S12,S2,,29,C29,0.0,-0.3373951315879822,-0.2849273085594177,,,0.8510714769363403,,0.4671900272369385,-0.38388144969940186,0.1140956208109855,12,True,99,C99,0.0027642085210697,0.0171314336725933,0.0143672251515235,-0.1481462717056274,-0.6070986986160278,37.0,True,True,0.1725322904243775,0.0073423780173345
assist_09,assist_09_Q29_S12,S3,,29,C29,1.0,-0.3373951315879822,-0.2849273085594177,,,0.8566769361495972,,0.6415645480155945,-0.21511238813400269,0.1140956208109855,1,True,12,C12,0.0073850638445782,0.0039295514428735,-0.0034555124017046,-0.4073570668697357,-0.8066278100013733,2.0,True,True,0.1725322904243775,0.0073423780173345
assist_09,assist_09_Q29_S12,S3,,29,C29,1.0,-0.3373951315879822,-0.2849273085594177,,,0.8566769361495972,,0.6415645480155945,-0.21511238813400269,0.1140956208109855,2,True,14,C14,0.0176807574611057,0.0541203360383838,0.0364395785772781,0.2116261720657348,-0.0740755796432495,17.0,True,True,0.1725322904243775,0.0073423780173345
assist_09,assist_09_Q29_S12,S3,,29,C29,1.0,-0.3373951315879822,-0.2849273085594177,,,0.8566769361495972,,0.6415645480155945,-0.21511238813400269,0.1140956208109855,3,True,17,C17,0.0772345307149968,0.0625161931519656,-0.0147183375630311,0.1324284076690673,0.3203372955322265,1.0,True,True,0.1725322904243775,0.0073423780173345
assist_09,assist_09_Q29_S12,S3,,29,C29,1.0,-0.3373951315879822,-0.2849273085594177,,,0.8566769361495972,,0.6415645480155945,-0.21511238813400269,0.1140956208109855,4,True,18,C18,0.007645127983498,0.0118738288949691,0.0042287009114711,0.1628206968307495,0.3863064050674438,1.0,True,True,0.1725322904243775,0.0073423780173345
assist_09,assist_09_Q29_S12,S3,,29,C29,1.0,-0.3373951315879822,-0.2849273085594177,,,0.8566769361495972,,0.6415645480155945,-0.21511238813400269,0.1140956208109855,5,True,20,C20,0.011217983619224,0.2320596503819885,0.2208416667627645,-0.5461462736129761,-0.4212992191314697,47.0,True,True,0.1725322904243775,0.0073423780173345
assist_09,assist_09_Q29_S12,S3,,29,C29,1.0,-0.3373951315879822,-0.2849273085594177,,,0.8566769361495972,,0.6415645480155945,-0.21511238813400269,0.1140956208109855,6,True,23,C23,0.2119991911542808,0.1680334774923808,-0.0439657136619,0.2115950584411621,0.2956990003585815,6.0,True,True,0.1725322904243775,0.0073423780173345
assist_09,assist_09_Q29_S12,S3,,29,C29,1.0,-0.3373951315879822,-0.2849273085594177,,,0.8566769361495972,,0.6415645480155945,-0.21511238813400269,0.1140956208109855,7,True,29,C29,0.0500228336366125,0.0096057877868487,-0.0404170458497638,-0.3373951315879822,-0.2849273085594177,35.0,True,True,0.1725322904243775,0.0073423780173345
assist_09,assist_09_Q29_S12,S3,,29,C29,1.0,-0.3373951315879822,-0.2849273085594177,,,0.8566769361495972,,0.6415645480155945,-0.21511238813400269,0.1140956208109855,8,True,48,C48,0.0033738935321007,0.0814179987496981,0.0780441052175973,0.2848849594593048,0.9427875280380248,22.0,True,True,0.1725322904243775,0.0073423780173345
assist_09,assist_09_Q29_S12,S3,,29,C29,1.0,-0.3373951315879822,-0.2849273085594177,,,0.8566769361495972,,0.6415645480155945,-0.21511238813400269,0.1140956208109855,9,True,49,C49,0.6004126514901441,0.1509208658478328,-0.4494917856423113,-0.7202586531639099,-0.443634033203125,35.0,True,True,0.1725322904243775,0.0073423780173345
assist_09,assist_09_Q29_S12,S3,,29,C29,1.0,-0.3373951315879822,-0.2849273085594177,,,0.8566769361495972,,0.6415645480155945,-0.21511238813400269,0.1140956208109855,10,True,51,C51,0.0027223665853731,0.0624087469389731,0.0596863803535999,-0.2054999619722366,-0.4752214550971985,1.0,True,True,0.1725322904243775,0.0073423780173345
assist_09,assist_09_Q29_S12,S3,,29,C29,1.0,-0.3373951315879822,-0.2849273085594177,,,0.8566769361495972,,0.6415645480155945,-0.21511238813400269,0.1140956208109855,11,True,98,C98,0.007541391457016,0.1459821296014923,0.1384407381444762,-0.0098935961723327,-0.1755129694938659,34.0,True,True,0.1725322904243775,0.0073423780173345
assist_09,assist_09_Q29_S12,S3,,29,C29,1.0,-0.3373951315879822,-0.2849273085594177,,,0.8566769361495972,,0.6415645480155945,-0.21511238813400269,0.1140956208109855,12,True,99,C99,0.0027642085210697,0.0171314336725933,0.0143672251515235,-0.1481462717056274,-0.6070986986160278,37.0,True,True,0.1725322904243775,0.0073423780173345
assist_09,assist_09_Q29_S12,S4,,29,C29,1.0,-0.3373951315879822,-0.2849273085594177,,,0.8819254636764526,,0.7560603022575378,-0.1258651614189148,0.1140956208109855,1,True,12,C12,0.0073850638445782,0.0039295514428735,-0.0034555124017046,-0.4073570668697357,-0.8066278100013733,2.0,True,True,0.1725322904243775,0.0073423780173345
assist_09,assist_09_Q29_S12,S4,,29,C29,1.0,-0.3373951315879822,-0.2849273085594177,,,0.8819254636764526,,0.7560603022575378,-0.1258651614189148,0.1140956208109855,2,True,14,C14,0.0176807574611057,0.0541203360383838,0.0364395785772781,0.2116261720657348,-0.0740755796432495,17.0,True,True,0.1725322904243775,0.0073423780173345
assist_09,assist_09_Q29_S12,S4,,29,C29,1.0,-0.3373951315879822,-0.2849273085594177,,,0.8819254636764526,,0.7560603022575378,-0.1258651614189148,0.1140956208109855,3,True,17,C17,0.0772345307149968,0.0625161931519656,-0.0147183375630311,0.1324284076690673,0.3203372955322265,1.0,True,True,0.1725322904243775,0.0073423780173345
assist_09,assist_09_Q29_S12,S4,,29,C29,1.0,-0.3373951315879822,-0.2849273085594177,,,0.8819254636764526,,0.7560603022575378,-0.1258651614189148,0.1140956208109855,4,True,18,C18,0.007645127983498,0.0118738288949691,0.0042287009114711,0.1628206968307495,0.3863064050674438,1.0,True,True,0.1725322904243775,0.0073423780173345
assist_09,assist_09_Q29_S12,S4,,29,C29,1.0,-0.3373951315879822,-0.2849273085594177,,,0.8819254636764526,,0.7560603022575378,-0.1258651614189148,0.1140956208109855,5,True,20,C20,0.011217983619224,0.2320596503819885,0.2208416667627645,-0.5461462736129761,-0.4212992191314697,47.0,True,True,0.1725322904243775,0.0073423780173345
assist_09,assist_09_Q29_S12,S4,,29,C29,1.0,-0.3373951315879822,-0.2849273085594177,,,0.8819254636764526,,0.7560603022575378,-0.1258651614189148,0.1140956208109855,6,True,23,C23,0.2119991911542808,0.1680334774923808,-0.0439657136619,0.2115950584411621,0.2956990003585815,6.0,True,True,0.1725322904243775,0.0073423780173345
assist_09,assist_09_Q29_S12,S4,,29,C29,1.0,-0.3373951315879822,-0.2849273085594177,,,0.8819254636764526,,0.7560603022575378,-0.1258651614189148,0.1140956208109855,7,True,29,C29,0.0500228336366125,0.0096057877868487,-0.0404170458497638,-0.3373951315879822,-0.2849273085594177,35.0,True,True,0.1725322904243775,0.0073423780173345
assist_09,assist_09_Q29_S12,S4,,29,C29,1.0,-0.3373951315879822,-0.2849273085594177,,,0.8819254636764526,,0.7560603022575378,-0.1258651614189148,0.1140956208109855,8,True,48,C48,0.0033738935321007,0.0814179987496981,0.0780441052175973,0.2848849594593048,0.9427875280380248,22.0,True,True,0.1725322904243775,0.0073423780173345
assist_09,assist_09_Q29_S12,S4,,29,C29,1.0,-0.3373951315879822,-0.2849273085594177,,,0.8819254636764526,,0.7560603022575378,-0.1258651614189148,0.1140956208109855,9,True,49,C49,0.6004126514901441,0.1509208658478328,-0.4494917856423113,-0.7202586531639099,-0.443634033203125,35.0,True,True,0.1725322904243775,0.0073423780173345
assist_09,assist_09_Q29_S12,S4,,29,C29,1.0,-0.3373951315879822,-0.2849273085594177,,,0.8819254636764526,,0.7560603022575378,-0.1258651614189148,0.1140956208109855,10,True,51,C51,0.0027223665853731,0.0624087469389731,0.0596863803535999,-0.2054999619722366,-0.4752214550971985,1.0,True,True,0.1725322904243775,0.0073423780173345
assist_09,assist_09_Q29_S12,S4,,29,C29,1.0,-0.3373951315879822,-0.2849273085594177,,,0.8819254636764526,,0.7560603022575378,-0.1258651614189148,0.1140956208109855,11,True,98,C98,0.007541391457016,0.1459821296014923,0.1384407381444762,-0.0098935961723327,-0.1755129694938659,34.0,True,True,0.1725322904243775,0.0073423780173345
assist_09,assist_09_Q29_S12,S4,,29,C29,1.0,-0.3373951315879822,-0.2849273085594177,,,0.8819254636764526,,0.7560603022575378,-0.1258651614189148,0.1140956208109855,12,True,99,C99,0.0027642085210697,0.0171314336725933,0.0143672251515235,-0.1481462717056274,-0.6070986986160278,37.0,True,True,0.1725322904243775,0.0073423780173345
assist_09,assist_09_Q29_S12,S5,,29,C29,0.0,-0.20648193359375,0.2496490478515625,,,0.820639431476593,,0.6705820560455322,-0.1500573754310608,0.1141575798392295,1,True,12,C12,0.0073850638445782,0.0039071313962687,-0.0034779324483094,-0.0075323702767491,-0.0280644837766885,16.0,True,True,0.1725322904243775,0.0073423780173345
assist_09,assist_09_Q29_S12,S5,,29,C29,0.0,-0.20648193359375,0.2496490478515625,,,0.820639431476593,,0.6705820560455322,-0.1500573754310608,0.1141575798392295,2,True,14,C14,0.0176807574611057,0.0539523882633902,0.0362716308022845,0.0506383180618286,0.2415996789932251,14.0,True,True,0.1725322904243775,0.0073423780173345
assist_09,assist_09_Q29_S12,S5,,29,C29,0.0,-0.20648193359375,0.2496490478515625,,,0.820639431476593,,0.6705820560455322,-0.1500573754310608,0.1141575798392295,3,True,17,C17,0.0772345307149968,0.0629280016272495,-0.0143065290877472,0.1324284076690673,0.3203372955322265,1.0,True,True,0.1725322904243775,0.0073423780173345
assist_09,assist_09_Q29_S12,S5,,29,C29,0.0,-0.20648193359375,0.2496490478515625,,,0.820639431476593,,0.6705820560455322,-0.1500573754310608,0.1141575798392295,4,True,18,C18,0.007645127983498,0.0120395757557268,0.0043944477722287,-0.3139905929565429,-0.2971320748329162,4.0,True,True,0.1725322904243775,0.0073423780173345
assist_09,assist_09_Q29_S12,S5,,29,C29,0.0,-0.20648193359375,0.2496490478515625,,,0.820639431476593,,0.6705820560455322,-0.1500573754310608,0.1141575798392295,5,True,20,C20,0.011217983619224,0.2325953861060553,0.2213774024868313,-0.7434424161911011,-1.0558204650878906,35.0,True,True,0.1725322904243775,0.0073423780173345
assist_09,assist_09_Q29_S12,S5,,29,C29,0.0,-0.20648193359375,0.2496490478515625,,,0.820639431476593,,0.6705820560455322,-0.1500573754310608,0.1141575798392295,6,True,23,C23,0.2119991911542808,0.1713917271986308,-0.0406074639556499,-0.3654124140739441,-0.305046409368515,6.0,True,True,0.1725322904243775,0.0073423780173345
assist_09,assist_09_Q29_S12,S5,,29,C29,0.0,-0.20648193359375,0.2496490478515625,,,0.820639431476593,,0.6705820560455322,-0.1500573754310608,0.1141575798392295,7,True,29,C29,0.0500228336366125,0.009542610199211,-0.0404802234374015,-0.20648193359375,0.2496490478515625,16.0,True,True,0.1725322904243775,0.0073423780173345
assist_09,assist_09_Q29_S12,S5,,29,C29,0.0,-0.20648193359375,0.2496490478515625,,,0.820639431476593,,0.6705820560455322,-0.1500573754310608,0.1141575798392295,8,True,48,C48,0.0033738935321007,0.0804233692630721,0.0770494757309713,0.8915189504623413,0.9145092964172364,14.0,True,True,0.1725322904243775,0.0073423780173345
assist_09,assist_09_Q29_S12,S5,,29,C29,0.0,-0.20648193359375,0.2496490478515625,,,0.820639431476593,,0.6705820560455322,-0.1500573754310608,0.1141575798392295,9,True,49,C49,0.6004126514901441,0.149219310938193,-0.451193340551951,-0.5767119526863098,-0.2939133644104004,26.0,True,True,0.1725322904243775,0.0073423780173345
assist_09,assist_09_Q29_S12,S5,,29,C29,0.0,-0.20648193359375,0.2496490478515625,,,0.820639431476593,,0.6705820560455322,-0.1500573754310608,0.1141575798392295,10,True,51,C51,0.0027223665853731,0.0615363179993788,0.0588139514140056,0.0,0.0,0.0,True,True,0.1725322904243775,0.0073423780173345
assist_09,assist_09_Q29_S12,S5,,29,C29,0.0,-0.20648193359375,0.2496490478515625,,,0.820639431476593,,0.6705820560455322,-0.1500573754310608,0.1141575798392295,11,True,98,C98,0.007541391457016,0.1457951248688303,0.1382537334118143,0.3876744508743286,-0.2177538871765136,52.0,True,True,0.1725322904243775,0.0073423780173345
assist_09,assist_09_Q29_S12,S5,,29,C29,0.0,-0.20648193359375,0.2496490478515625,,,0.820639431476593,,0.6705820560455322,-0.1500573754310608,0.1141575798392295,12,True,99,C99,0.0027642085210697,0.016669056383993,0.0139048478629232,0.1157968044281005,0.0144075155258178,10.0,True,True,0.1725322904243775,0.0073423780173345
assist_09,assist_09_Q29_S12,S6,,29,C29,1.0,-0.20648193359375,0.2496490478515625,,,0.8130217790603638,,0.4024223387241363,-0.4105994403362275,0.1141575798392295,1,True,12,C12,0.0073850638445782,0.0039071313962687,-0.0034779324483094,-0.0075323702767491,-0.0280644837766885,16.0,True,True,0.1725322904243775,0.0073423780173345
assist_09,assist_09_Q29_S12,S6,,29,C29,1.0,-0.20648193359375,0.2496490478515625,,,0.8130217790603638,,0.4024223387241363,-0.4105994403362275,0.1141575798392295,2,True,14,C14,0.0176807574611057,0.0539523882633902,0.0362716308022845,0.0506383180618286,0.2415996789932251,14.0,True,True,0.1725322904243775,0.0073423780173345
assist_09,assist_09_Q29_S12,S6,,29,C29,1.0,-0.20648193359375,0.2496490478515625,,,0.8130217790603638,,0.4024223387241363,-0.4105994403362275,0.1141575798392295,3,True,17,C17,0.0772345307149968,0.0629280016272495,-0.0143065290877472,0.1324284076690673,0.3203372955322265,1.0,True,True,0.1725322904243775,0.0073423780173345
assist_09,assist_09_Q29_S12,S6,,29,C29,1.0,-0.20648193359375,0.2496490478515625,,,0.8130217790603638,,0.4024223387241363,-0.4105994403362275,0.1141575798392295,4,True,18,C18,0.007645127983498,0.0120395757557268,0.0043944477722287,-0.3139905929565429,-0.2971320748329162,4.0,True,True,0.1725322904243775,0.0073423780173345
assist_09,assist_09_Q29_S12,S6,,29,C29,1.0,-0.20648193359375,0.2496490478515625,,,0.8130217790603638,,0.4024223387241363,-0.4105994403362275,0.1141575798392295,5,True,20,C20,0.011217983619224,0.2325953861060553,0.2213774024868313,-0.7434424161911011,-1.0558204650878906,35.0,True,True,0.1725322904243775,0.0073423780173345
assist_09,assist_09_Q29_S12,S6,,29,C29,1.0,-0.20648193359375,0.2496490478515625,,,0.8130217790603638,,0.4024223387241363,-0.4105994403362275,0.1141575798392295,6,True,23,C23,0.2119991911542808,0.1713917271986308,-0.0406074639556499,-0.3654124140739441,-0.305046409368515,6.0,True,True,0.1725322904243775,0.0073423780173345
assist_09,assist_09_Q29_S12,S6,,29,C29,1.0,-0.20648193359375,0.2496490478515625,,,0.8130217790603638,,0.4024223387241363,-0.4105994403362275,0.1141575798392295,7,True,29,C29,0.0500228336366125,0.009542610199211,-0.0404802234374015,-0.20648193359375,0.2496490478515625,16.0,True,True,0.1725322904243775,0.0073423780173345
assist_09,assist_09_Q29_S12,S6,,29,C29,1.0,-0.20648193359375,0.2496490478515625,,,0.8130217790603638,,0.4024223387241363,-0.4105994403362275,0.1141575798392295,8,True,48,C48,0.0033738935321007,0.0804233692630721,0.0770494757309713,0.8915189504623413,0.9145092964172364,14.0,True,True,0.1725322904243775,0.0073423780173345
assist_09,assist_09_Q29_S12,S6,,29,C29,1.0,-0.20648193359375,0.2496490478515625,,,0.8130217790603638,,0.4024223387241363,-0.4105994403362275,0.1141575798392295,9,True,49,C49,0.6004126514901441,0.149219310938193,-0.451193340551951,-0.5767119526863098,-0.2939133644104004,26.0,True,True,0.1725322904243775,0.0073423780173345
assist_09,assist_09_Q29_S12,S6,,29,C29,1.0,-0.20648193359375,0.2496490478515625,,,0.8130217790603638,,0.4024223387241363,-0.4105994403362275,0.1141575798392295,10,True,51,C51,0.0027223665853731,0.0615363179993788,0.0588139514140056,0.0,0.0,0.0,True,True,0.1725322904243775,0.0073423780173345
assist_09,assist_09_Q29_S12,S6,,29,C29,1.0,-0.20648193359375,0.2496490478515625,,,0.8130217790603638,,0.4024223387241363,-0.4105994403362275,0.1141575798392295,11,True,98,C98,0.007541391457016,0.1457951248688303,0.1382537334118143,0.3876744508743286,-0.2177538871765136,52.0,True,True,0.1725322904243775,0.0073423780173345
assist_09,assist_09_Q29_S12,S6,,29,C29,1.0,-0.20648193359375,0.2496490478515625,,,0.8130217790603638,,0.4024223387241363,-0.4105994403362275,0.1141575798392295,12,True,99,C99,0.0027642085210697,0.016669056383993,0.0139048478629232,0.1157968044281005,0.0144075155258178,10.0,True,True,0.1725322904243775,0.0073423780173345
assist_09,assist_09_Q29_S12,S7,,29,C29,1.0,-0.20648193359375,0.2496490478515625,,,0.898081362247467,,0.8876246809959412,-0.010456681251525879,0.1141575798392295,1,True,12,C12,0.0073850638445782,0.0039071313962687,-0.0034779324483094,-0.0075323702767491,-0.0280644837766885,16.0,True,True,0.1725322904243775,0.0073423780173345
assist_09,assist_09_Q29_S12,S7,,29,C29,1.0,-0.20648193359375,0.2496490478515625,,,0.898081362247467,,0.8876246809959412,-0.010456681251525879,0.1141575798392295,2,True,14,C14,0.0176807574611057,0.0539523882633902,0.0362716308022845,0.0506383180618286,0.2415996789932251,14.0,True,True,0.1725322904243775,0.0073423780173345
assist_09,assist_09_Q29_S12,S7,,29,C29,1.0,-0.20648193359375,0.2496490478515625,,,0.898081362247467,,0.8876246809959412,-0.010456681251525879,0.1141575798392295,3,True,17,C17,0.0772345307149968,0.0629280016272495,-0.0143065290877472,0.1324284076690673,0.3203372955322265,1.0,True,True,0.1725322904243775,0.0073423780173345
assist_09,assist_09_Q29_S12,S7,,29,C29,1.0,-0.20648193359375,0.2496490478515625,,,0.898081362247467,,0.8876246809959412,-0.010456681251525879,0.1141575798392295,4,True,18,C18,0.007645127983498,0.0120395757557268,0.0043944477722287,-0.3139905929565429,-0.2971320748329162,4.0,True,True,0.1725322904243775,0.0073423780173345
assist_09,assist_09_Q29_S12,S7,,29,C29,1.0,-0.20648193359375,0.2496490478515625,,,0.898081362247467,,0.8876246809959412,-0.010456681251525879,0.1141575798392295,5,True,20,C20,0.011217983619224,0.2325953861060553,0.2213774024868313,-0.7434424161911011,-1.0558204650878906,35.0,True,True,0.1725322904243775,0.0073423780173345
assist_09,assist_09_Q29_S12,S7,,29,C29,1.0,-0.20648193359375,0.2496490478515625,,,0.898081362247467,,0.8876246809959412,-0.010456681251525879,0.1141575798392295,6,True,23,C23,0.2119991911542808,0.1713917271986308,-0.0406074639556499,-0.3654124140739441,-0.305046409368515,6.0,True,True,0.1725322904243775,0.0073423780173345
assist_09,assist_09_Q29_S12,S7,,29,C29,1.0,-0.20648193359375,0.2496490478515625,,,0.898081362247467,,0.8876246809959412,-0.010456681251525879,0.1141575798392295,7,True,29,C29,0.0500228336366125,0.009542610199211,-0.0404802234374015,-0.20648193359375,0.2496490478515625,16.0,True,True,0.1725322904243775,0.0073423780173345
assist_09,assist_09_Q29_S12,S7,,29,C29,1.0,-0.20648193359375,0.2496490478515625,,,0.898081362247467,,0.8876246809959412,-0.010456681251525879,0.1141575798392295,8,True,48,C48,0.0033738935321007,0.0804233692630721,0.0770494757309713,0.8915189504623413,0.9145092964172364,14.0,True,True,0.1725322904243775,0.0073423780173345
assist_09,assist_09_Q29_S12,S7,,29,C29,1.0,-0.20648193359375,0.2496490478515625,,,0.898081362247467,,0.8876246809959412,-0.010456681251525879,0.1141575798392295,9,True,49,C49,0.6004126514901441,0.149219310938193,-0.451193340551951,-0.5767119526863098,-0.2939133644104004,26.0,True,True,0.1725322904243775,0.0073423780173345
assist_09,assist_09_Q29_S12,S7,,29,C29,1.0,-0.20648193359375,0.2496490478515625,,,0.898081362247467,,0.8876246809959412,-0.010456681251525879,0.1141575798392295,10,True,51,C51,0.0027223665853731,0.0615363179993788,0.0588139514140056,0.0,0.0,0.0,True,True,0.1725322904243775,0.0073423780173345
assist_09,assist_09_Q29_S12,S7,,29,C29,1.0,-0.20648193359375,0.2496490478515625,,,0.898081362247467,,0.8876246809959412,-0.010456681251525879,0.1141575798392295,11,True,98,C98,0.007541391457016,0.1457951248688303,0.1382537334118143,0.3876744508743286,-0.2177538871765136,52.0,True,True,0.1725322904243775,0.0073423780173345
assist_09,assist_09_Q29_S12,S7,,29,C29,1.0,-0.20648193359375,0.2496490478515625,,,0.898081362247467,,0.8876246809959412,-0.010456681251525879,0.1141575798392295,12,True,99,C99,0.0027642085210697,0.016669056383993,0.0139048478629232,0.1157968044281005,0.0144075155258178,10.0,True,True,0.1725322904243775,0.0073423780173345
assist_09,assist_09_Q29_S12,S8,,29,C29,1.0,-0.20648193359375,0.2496490478515625,,,0.7401896119117737,,0.4676119685173034,-0.27257764339447027,0.1162988170981407,1,True,12,C12,0.0073850638445782,0.0039071313962687,-0.0034779324483094,-0.0075323702767491,-0.0280644837766885,16.0,True,True,0.1725322904243775,0.0073423780173345
assist_09,assist_09_Q29_S12,S8,,29,C29,1.0,-0.20648193359375,0.2496490478515625,,,0.7401896119117737,,0.4676119685173034,-0.27257764339447027,0.1162988170981407,2,True,14,C14,0.0176807574611057,0.0539523882633902,0.0362716308022845,0.0506383180618286,0.2415996789932251,14.0,True,True,0.1725322904243775,0.0073423780173345
assist_09,assist_09_Q29_S12,S8,,29,C29,1.0,-0.20648193359375,0.2496490478515625,,,0.7401896119117737,,0.4676119685173034,-0.27257764339447027,0.1162988170981407,3,True,17,C17,0.0772345307149968,0.0629280016272495,-0.0143065290877472,0.1324284076690673,0.3203372955322265,1.0,True,True,0.1725322904243775,0.0073423780173345
assist_09,assist_09_Q29_S12,S8,,29,C29,1.0,-0.20648193359375,0.2496490478515625,,,0.7401896119117737,,0.4676119685173034,-0.27257764339447027,0.1162988170981407,4,True,18,C18,0.007645127983498,0.0120395757557268,0.0043944477722287,-0.3139905929565429,-0.2971320748329162,4.0,True,True,0.1725322904243775,0.0073423780173345
assist_09,assist_09_Q29_S12,S8,,29,C29,1.0,-0.20648193359375,0.2496490478515625,,,0.7401896119117737,,0.4676119685173034,-0.27257764339447027,0.1162988170981407,5,True,20,C20,0.011217983619224,0.2325953861060553,0.2213774024868313,-0.7434424161911011,-1.0558204650878906,35.0,True,True,0.1725322904243775,0.0073423780173345
assist_09,assist_09_Q29_S12,S8,,29,C29,1.0,-0.20648193359375,0.2496490478515625,,,0.7401896119117737,,0.4676119685173034,-0.27257764339447027,0.1162988170981407,6,True,23,C23,0.2119991911542808,0.1713917271986308,-0.0406074639556499,-0.3654124140739441,-0.305046409368515,6.0,True,True,0.1725322904243775,0.0073423780173345
assist_09,assist_09_Q29_S12,S8,,29,C29,1.0,-0.20648193359375,0.2496490478515625,,,0.7401896119117737,,0.4676119685173034,-0.27257764339447027,0.1162988170981407,7,True,29,C29,0.0500228336366125,0.009542610199211,-0.0404802234374015,-0.20648193359375,0.2496490478515625,16.0,True,True,0.1725322904243775,0.0073423780173345
assist_09,assist_09_Q29_S12,S8,,29,C29,1.0,-0.20648193359375,0.2496490478515625,,,0.7401896119117737,,0.4676119685173034,-0.27257764339447027,0.1162988170981407,8,True,48,C48,0.0033738935321007,0.0804233692630721,0.0770494757309713,0.8915189504623413,0.9145092964172364,14.0,True,True,0.1725322904243775,0.0073423780173345
assist_09,assist_09_Q29_S12,S8,,29,C29,1.0,-0.20648193359375,0.2496490478515625,,,0.7401896119117737,,0.4676119685173034,-0.27257764339447027,0.1162988170981407,9,True,49,C49,0.6004126514901441,0.149219310938193,-0.451193340551951,-0.5767119526863098,-0.2939133644104004,26.0,True,True,0.1725322904243775,0.0073423780173345
assist_09,assist_09_Q29_S12,S8,,29,C29,1.0,-0.20648193359375,0.2496490478515625,,,0.7401896119117737,,0.4676119685173034,-0.27257764339447027,0.1162988170981407,10,True,51,C51,0.0027223665853731,0.0615363179993788,0.0588139514140056,0.0,0.0,0.0,True,True,0.1725322904243775,0.0073423780173345
assist_09,assist_09_Q29_S12,S8,,29,C29,1.0,-0.20648193359375,0.2496490478515625,,,0.7401896119117737,,0.4676119685173034,-0.27257764339447027,0.1162988170981407,11,True,98,C98,0.007541391457016,0.1457951248688303,0.1382537334118143,0.3876744508743286,-0.2177538871765136,52.0,True,True,0.1725322904243775,0.0073423780173345
assist_09,assist_09_Q29_S12,S8,,29,C29,1.0,-0.20648193359375,0.2496490478515625,,,0.7401896119117737,,0.4676119685173034,-0.27257764339447027,0.1162988170981407,12,True,99,C99,0.0027642085210697,0.016669056383993,0.0139048478629232,0.1157968044281005,0.0144075155258178,10.0,True,True,0.1725322904243775,0.0073423780173345
assist_17,assist_17_Q14_S25,S1,,14,C14,1.0,-1.065467357635498,-1.4049335718154907,,,0.2683456242084503,,0.2412311881780624,-0.027114436030387906,0.1679385900497436,1,True,2,C2,0.0004825216666793,0.0003698484034861,-0.0001126732631931,-0.429170161485672,-0.6741155385971069,9.0,True,True,0.7101772165855226,0.0997780874035985
assist_17,assist_17_Q14_S25,S1,,14,C14,1.0,-1.065467357635498,-1.4049335718154907,,,0.2683456242084503,,0.2412311881780624,-0.027114436030387906,0.1679385900497436,2,True,4,C4,0.0961128071305532,0.0439220572424728,-0.0521907498880803,-0.5188884735107422,-0.8426307439804077,6.0,True,True,0.7101772165855226,0.0997780874035985
assist_17,assist_17_Q14_S25,S1,,14,C14,1.0,-1.065467357635498,-1.4049335718154907,,,0.2683456242084503,,0.2412311881780624,-0.027114436030387906,0.1679385900497436,3,True,5,C5,0.0399775509095444,0.0198412733001896,-0.0201362776093547,-0.5774585604667664,-0.9784173369407654,4.0,True,True,0.7101772165855226,0.0997780874035985
assist_17,assist_17_Q14_S25,S1,,14,C14,1.0,-1.065467357635498,-1.4049335718154907,,,0.2683456242084503,,0.2412311881780624,-0.027114436030387906,0.1679385900497436,4,True,7,C7,0.2433527890500883,0.5998356495008268,0.3564828604507384,-0.3553605675697326,-0.6738846302032471,6.0,True,True,0.7101772165855226,0.0997780874035985
assist_17,assist_17_Q14_S25,S1,,14,C14,1.0,-1.065467357635498,-1.4049335718154907,,,0.2683456242084503,,0.2412311881780624,-0.027114436030387906,0.1679385900497436,5,True,10,C10,0.1142378820177102,0.0167120514113782,-0.0975258306063319,0.3723256587982178,0.3998051881790161,7.0,True,True,0.7101772165855226,0.0997780874035985
assist_17,assist_17_Q14_S25,S1,,14,C14,1.0,-1.065467357635498,-1.4049335718154907,,,0.2683456242084503,,0.2412311881780624,-0.027114436030387906,0.1679385900497436,6,True,12,C12,0.1493024451178823,0.0875324622940627,-0.0617699828238196,-0.1581119298934936,-0.3762373924255371,1.0,True,True,0.7101772165855226,0.0997780874035985
assist_17,assist_17_Q14_S25,S1,,14,C14,1.0,-1.065467357635498,-1.4049335718154907,,,0.2683456242084503,,0.2412311881780624,-0.027114436030387906,0.1679385900497436,7,True,13,C13,9.565755970233701e-11,1.5264992011401112e-08,1.516933445169877e-08,0.0253521502017974,-0.0563279092311859,5.0,True,True,0.7101772165855226,0.0997780874035985
assist_17,assist_17_Q14_S25,S1,,14,C14,1.0,-1.065467357635498,-1.4049335718154907,,,0.2683456242084503,,0.2412311881780624,-0.027114436030387906,0.1679385900497436,8,True,14,C14,0.0500000006666283,0.0229412344313995,-0.0270587662352287,-1.065467357635498,-1.4049335718154907,8.0,True,True,0.7101772165855226,0.0997780874035985
assist_17,assist_17_Q14_S25,S1,,14,C14,1.0,-1.065467357635498,-1.4049335718154907,,,0.2683456242084503,,0.2412311881780624,-0.027114436030387906,0.1679385900497436,9,True,20,C20,0.0080368235814048,0.0011674295091328,-0.006869394072272,0.3762593269348144,0.518099308013916,6.0,True,True,0.7101772165855226,0.0997780874035985
assist_17,assist_17_Q14_S25,S1,,14,C14,1.0,-1.065467357635498,-1.4049335718154907,,,0.2683456242084503,,0.2412311881780624,-0.027114436030387906,0.1679385900497436,10,True,24,C24,0.0003207812328098,0.0006047604619102,0.0002839792291004,-0.0493965744972229,-0.1913992762565612,3.0,True,True,0.7101772165855226,0.0997780874035985
assist_17,assist_17_Q14_S25,S1,,14,C14,1.0,-1.065467357635498,-1.4049335718154907,,,0.2683456242084503,,0.2412311881780624,-0.027114436030387906,0.1679385900497436,11,True,26,C26,0.0005761768106879,0.0012760184163267,0.0006998416056388,-0.1857834458351135,-0.519930362701416,8.0,True,True,0.7101772165855226,0.0997780874035985
assist_17,assist_17_Q14_S25,S1,,14,C14,1.0,-1.065467357635498,-1.4049335718154907,,,0.2683456242084503,,0.2412311881780624,-0.027114436030387906,0.1679385900497436,12,True,28,C28,0.0042124035760342,0.0011351786104201,-0.0030772249656141,0.564826488494873,0.8345983028411865,5.0,True,True,0.7101772165855226,0.0997780874035985
assist_17,assist_17_Q14_S25,S1,,14,C14,1.0,-1.065467357635498,-1.4049335718154907,,,0.2683456242084503,,0.2412311881780624,-0.027114436030387906,0.1679385900497436,13,True,32,C32,1.0042625217175155e-13,1.4671380643512048e-08,1.4671280217259876e-08,-0.2691071331501007,-0.5756111145019531,7.0,True,True,0.7101772165855226,0.0997780874035985
assist_17,assist_17_Q14_S25,S1,,14,C14,1.0,-1.065467357635498,-1.4049335718154907,,,0.2683456242084503,,0.2412311881780624,-0.027114436030387906,0.1679385900497436,14,True,33,C33,0.0369803700016021,0.0749752056314757,0.0379948356298736,-0.4065167307853699,-0.3519117832183838,6.0,True,True,0.7101772165855226,0.0997780874035985
assist_17,assist_17_Q14_S25,S1,,14,C14,1.0,-1.065467357635498,-1.4049335718154907,,,0.2683456242084503,,0.2412311881780624,-0.027114436030387906,0.1679385900497436,15,True,34,C34,0.0168284945857304,0.0141864303787604,-0.00264206420697,-0.8400777578353882,-1.2254761457443235,10.0,True,True,0.7101772165855226,0.0997780874035985
assist_17,assist_17_Q14_S25,S1,,14,C14,1.0,-1.065467357635498,-1.4049335718154907,,,0.2683456242084503,,0.2412311881780624,-0.027114436030387906,0.1679385900497436,16,True,37,C37,0.0253735370536001,0.0169841193670008,-0.0083894176865993,0.540004551410675,0.9697504639625548,3.0,True,True,0.7101772165855226,0.0997780874035985
assist_17,assist_17_Q14_S25,S1,,14,C14,1.0,-1.065467357635498,-1.4049335718154907,,,0.2683456242084503,,0.2412311881780624,-0.027114436030387906,0.1679385900497436,17,True,38,C38,1.1229250054179524e-10,9.004102578539651e-09,8.891810077997856e-09,0.0961416065692901,0.0978192389011383,8.0,True,True,0.7101772165855226,0.0997780874035985
assist_17,assist_17_Q14_S25,S1,,14,C14,1.0,-1.065467357635498,-1.4049335718154907,,,0.2683456242084503,,0.2412311881780624,-0.027114436030387906,0.1679385900497436,18,True,45,C45,8.632790649335565e-11,1.9039400705470572e-08,1.8953072798977222e-08,-0.005995899438858,-0.1005745828151702,5.0,True,True,0.7101772165855226,0.0997780874035985
assist_17,assist_17_Q14_S25,S1,,14,C14,1.0,-1.065467357635498,-1.4049335718154907,,,0.2683456242084503,,0.2412311881780624,-0.027114436030387906,0.1679385900497436,19,True,53,C53,0.0177524052281866,0.0250877405957701,0.0073353353675835,0.0803316086530685,-0.0438172370195388,4.0,True,True,0.7101772165855226,0.0997780874035985
assist_17,assist_17_Q14_S25,S1,,14,C14,1.0,-1.065467357635498,-1.4049335718154907,,,0.2683456242084503,,0.2412311881780624,-0.027114436030387906,0.1679385900497436,20,True,56,C56,0.023361167600987,0.0214682793631232,-0.0018928882378638,0.0795591175556182,0.0994791686534881,9.0,True,True,0.7101772165855226,0.0997780874035985
assist_17,assist_17_Q14_S25,S1,,14,C14,1.0,-1.065467357635498,-1.4049335718154907,,,0.2683456242084503,,0.2412311881780624,-0.027114436030387906,0.1679385900497436,21,True,57,C57,0.0103045984708185,0.0042585265023766,-0.0060460719684419,-0.352540522813797,-0.3277462422847748,24.0,True,True,0.7101772165855226,0.0997780874035985
assist_17,assist_17_Q14_S25,S1,,14,C14,1.0,-1.065467357635498,-1.4049335718154907,,,0.2683456242084503,,0.2412311881780624,-0.027114436030387906,0.1679385900497436,22,True,59,C59,0.0003090857457818,6.736274845524866e-05,-0.0002417229973265,0.2512670159339905,0.5663036108016968,1.0,True,True,0.7101772165855226,0.0997780874035985
assist_17,assist_17_Q14_S25,S1,,14,C14,1.0,-1.065467357635498,-1.4049335718154907,,,0.2683456242084503,,0.2412311881780624,-0.027114436030387906,0.1679385900497436,23,True,62,C62,0.0177706845291605,0.0030877828664809,-0.0146829016626796,0.2213926762342453,0.2340245693922042,9.0,True,True,0.7101772165855226,0.0997780874035985
assist_17,assist_17_Q14_S25,S1,,14,C14,1.0,-1.065467357635498,-1.4049335718154907,,,0.2683456242084503,,0.2412311881780624,-0.027114436030387906,0.1679385900497436,24,True,65,C65,0.1447074746305812,0.044546495509446,-0.1001609791211352,0.3915501832962036,0.6151446104049683,10.0,True,True,0.7101772165855226,0.0997780874035985
assist_17,assist_17_Q14_S25,S1,,14,C14,1.0,-1.065467357635498,-1.4049335718154907,,,0.2683456242084503,,0.2412311881780624,-0.027114436030387906,0.1679385900497436,25,True,68,C68,9.914989829612375e-11,3.5475628685571745e-08,3.5376478787275625e-08,-0.7732259035110474,-1.1484204530715942,6.0,True,True,0.7101772165855226,0.0997780874035985
assist_17,assist_17_Q14_S25,S2,,14,C14,0.0,-1.065467357635498,-1.4049335718154907,,,0.3899661898612976,,0.5461798310279846,0.156213641166687,0.1720255315303802,1,True,2,C2,0.0004825216666793,0.0003698484034861,-0.0001126732631931,-0.429170161485672,-0.6741155385971069,9.0,True,True,0.7101772165855226,0.0997780874035985
assist_17,assist_17_Q14_S25,S2,,14,C14,0.0,-1.065467357635498,-1.4049335718154907,,,0.3899661898612976,,0.5461798310279846,0.156213641166687,0.1720255315303802,2,True,4,C4,0.0961128071305532,0.0439220572424728,-0.0521907498880803,-0.5188884735107422,-0.8426307439804077,6.0,True,True,0.7101772165855226,0.0997780874035985
assist_17,assist_17_Q14_S25,S2,,14,C14,0.0,-1.065467357635498,-1.4049335718154907,,,0.3899661898612976,,0.5461798310279846,0.156213641166687,0.1720255315303802,3,True,5,C5,0.0399775509095444,0.0198412733001896,-0.0201362776093547,-0.5774585604667664,-0.9784173369407654,4.0,True,True,0.7101772165855226,0.0997780874035985
assist_17,assist_17_Q14_S25,S2,,14,C14,0.0,-1.065467357635498,-1.4049335718154907,,,0.3899661898612976,,0.5461798310279846,0.156213641166687,0.1720255315303802,4,True,7,C7,0.2433527890500883,0.5998356495008268,0.3564828604507384,-0.3553605675697326,-0.6738846302032471,6.0,True,True,0.7101772165855226,0.0997780874035985
assist_17,assist_17_Q14_S25,S2,,14,C14,0.0,-1.065467357635498,-1.4049335718154907,,,0.3899661898612976,,0.5461798310279846,0.156213641166687,0.1720255315303802,5,True,10,C10,0.1142378820177102,0.0167120514113782,-0.0975258306063319,0.3723256587982178,0.3998051881790161,7.0,True,True,0.7101772165855226,0.0997780874035985
assist_17,assist_17_Q14_S25,S2,,14,C14,0.0,-1.065467357635498,-1.4049335718154907,,,0.3899661898612976,,0.5461798310279846,0.156213641166687,0.1720255315303802,6,True,12,C12,0.1493024451178823,0.0875324622940627,-0.0617699828238196,-0.1581119298934936,-0.3762373924255371,1.0,True,True,0.7101772165855226,0.0997780874035985
assist_17,assist_17_Q14_S25,S2,,14,C14,0.0,-1.065467357635498,-1.4049335718154907,,,0.3899661898612976,,0.5461798310279846,0.156213641166687,0.1720255315303802,7,True,13,C13,9.565755970233701e-11,1.5264992011401112e-08,1.516933445169877e-08,0.0253521502017974,-0.0563279092311859,5.0,True,True,0.7101772165855226,0.0997780874035985
assist_17,assist_17_Q14_S25,S2,,14,C14,0.0,-1.065467357635498,-1.4049335718154907,,,0.3899661898612976,,0.5461798310279846,0.156213641166687,0.1720255315303802,8,True,14,C14,0.0500000006666283,0.0229412344313995,-0.0270587662352287,-1.065467357635498,-1.4049335718154907,8.0,True,True,0.7101772165855226,0.0997780874035985
assist_17,assist_17_Q14_S25,S2,,14,C14,0.0,-1.065467357635498,-1.4049335718154907,,,0.3899661898612976,,0.5461798310279846,0.156213641166687,0.1720255315303802,9,True,20,C20,0.0080368235814048,0.0011674295091328,-0.006869394072272,0.3762593269348144,0.518099308013916,6.0,True,True,0.7101772165855226,0.0997780874035985
assist_17,assist_17_Q14_S25,S2,,14,C14,0.0,-1.065467357635498,-1.4049335718154907,,,0.3899661898612976,,0.5461798310279846,0.156213641166687,0.1720255315303802,10,True,24,C24,0.0003207812328098,0.0006047604619102,0.0002839792291004,-0.0493965744972229,-0.1913992762565612,3.0,True,True,0.7101772165855226,0.0997780874035985
assist_17,assist_17_Q14_S25,S2,,14,C14,0.0,-1.065467357635498,-1.4049335718154907,,,0.3899661898612976,,0.5461798310279846,0.156213641166687,0.1720255315303802,11,True,26,C26,0.0005761768106879,0.0012760184163267,0.0006998416056388,-0.1857834458351135,-0.519930362701416,8.0,True,True,0.7101772165855226,0.0997780874035985
assist_17,assist_17_Q14_S25,S2,,14,C14,0.0,-1.065467357635498,-1.4049335718154907,,,0.3899661898612976,,0.5461798310279846,0.156213641166687,0.1720255315303802,12,True,28,C28,0.0042124035760342,0.0011351786104201,-0.0030772249656141,0.564826488494873,0.8345983028411865,5.0,True,True,0.7101772165855226,0.0997780874035985
assist_17,assist_17_Q14_S25,S2,,14,C14,0.0,-1.065467357635498,-1.4049335718154907,,,0.3899661898612976,,0.5461798310279846,0.156213641166687,0.1720255315303802,13,True,32,C32,1.0042625217175155e-13,1.4671380643512048e-08,1.4671280217259876e-08,-0.2691071331501007,-0.5756111145019531,7.0,True,True,0.7101772165855226,0.0997780874035985
assist_17,assist_17_Q14_S25,S2,,14,C14,0.0,-1.065467357635498,-1.4049335718154907,,,0.3899661898612976,,0.5461798310279846,0.156213641166687,0.1720255315303802,14,True,33,C33,0.0369803700016021,0.0749752056314757,0.0379948356298736,-0.4065167307853699,-0.3519117832183838,6.0,True,True,0.7101772165855226,0.0997780874035985
assist_17,assist_17_Q14_S25,S2,,14,C14,0.0,-1.065467357635498,-1.4049335718154907,,,0.3899661898612976,,0.5461798310279846,0.156213641166687,0.1720255315303802,15,True,34,C34,0.0168284945857304,0.0141864303787604,-0.00264206420697,-0.8400777578353882,-1.2254761457443235,10.0,True,True,0.7101772165855226,0.0997780874035985
assist_17,assist_17_Q14_S25,S2,,14,C14,0.0,-1.065467357635498,-1.4049335718154907,,,0.3899661898612976,,0.5461798310279846,0.156213641166687,0.1720255315303802,16,True,37,C37,0.0253735370536001,0.0169841193670008,-0.0083894176865993,0.540004551410675,0.9697504639625548,3.0,True,True,0.7101772165855226,0.0997780874035985
assist_17,assist_17_Q14_S25,S2,,14,C14,0.0,-1.065467357635498,-1.4049335718154907,,,0.3899661898612976,,0.5461798310279846,0.156213641166687,0.1720255315303802,17,True,38,C38,1.1229250054179524e-10,9.004102578539651e-09,8.891810077997856e-09,0.0961416065692901,0.0978192389011383,8.0,True,True,0.7101772165855226,0.0997780874035985
assist_17,assist_17_Q14_S25,S2,,14,C14,0.0,-1.065467357635498,-1.4049335718154907,,,0.3899661898612976,,0.5461798310279846,0.156213641166687,0.1720255315303802,18,True,45,C45,8.632790649335565e-11,1.9039400705470572e-08,1.8953072798977222e-08,-0.005995899438858,-0.1005745828151702,5.0,True,True,0.7101772165855226,0.0997780874035985
assist_17,assist_17_Q14_S25,S2,,14,C14,0.0,-1.065467357635498,-1.4049335718154907,,,0.3899661898612976,,0.5461798310279846,0.156213641166687,0.1720255315303802,19,True,53,C53,0.0177524052281866,0.0250877405957701,0.0073353353675835,0.0803316086530685,-0.0438172370195388,4.0,True,True,0.7101772165855226,0.0997780874035985
assist_17,assist_17_Q14_S25,S2,,14,C14,0.0,-1.065467357635498,-1.4049335718154907,,,0.3899661898612976,,0.5461798310279846,0.156213641166687,0.1720255315303802,20,True,56,C56,0.023361167600987,0.0214682793631232,-0.0018928882378638,0.0795591175556182,0.0994791686534881,9.0,True,True,0.7101772165855226,0.0997780874035985
assist_17,assist_17_Q14_S25,S2,,14,C14,0.0,-1.065467357635498,-1.4049335718154907,,,0.3899661898612976,,0.5461798310279846,0.156213641166687,0.1720255315303802,21,True,57,C57,0.0103045984708185,0.0042585265023766,-0.0060460719684419,-0.352540522813797,-0.3277462422847748,24.0,True,True,0.7101772165855226,0.0997780874035985
assist_17,assist_17_Q14_S25,S2,,14,C14,0.0,-1.065467357635498,-1.4049335718154907,,,0.3899661898612976,,0.5461798310279846,0.156213641166687,0.1720255315303802,22,True,59,C59,0.0003090857457818,6.736274845524866e-05,-0.0002417229973265,0.2512670159339905,0.5663036108016968,1.0,True,True,0.7101772165855226,0.0997780874035985
assist_17,assist_17_Q14_S25,S2,,14,C14,0.0,-1.065467357635498,-1.4049335718154907,,,0.3899661898612976,,0.5461798310279846,0.156213641166687,0.1720255315303802,23,True,62,C62,0.0177706845291605,0.0030877828664809,-0.0146829016626796,0.2213926762342453,0.2340245693922042,9.0,True,True,0.7101772165855226,0.0997780874035985
assist_17,assist_17_Q14_S25,S2,,14,C14,0.0,-1.065467357635498,-1.4049335718154907,,,0.3899661898612976,,0.5461798310279846,0.156213641166687,0.1720255315303802,24,True,65,C65,0.1447074746305812,0.044546495509446,-0.1001609791211352,0.3915501832962036,0.6151446104049683,10.0,True,True,0.7101772165855226,0.0997780874035985
assist_17,assist_17_Q14_S25,S2,,14,C14,0.0,-1.065467357635498,-1.4049335718154907,,,0.3899661898612976,,0.5461798310279846,0.156213641166687,0.1720255315303802,25,True,68,C68,9.914989829612375e-11,3.5475628685571745e-08,3.5376478787275625e-08,-0.7732259035110474,-1.1484204530715942,6.0,True,True,0.7101772165855226,0.0997780874035985
assist_17,assist_17_Q14_S25,S3,,14,C14,0.0,-1.065467357635498,-1.4049335718154907,,,0.2653444111347198,,0.2471829950809478,-0.018161416053772,0.1679385900497436,1,True,2,C2,0.0004825216666793,0.0003698484034861,-0.0001126732631931,-0.429170161485672,-0.6741155385971069,9.0,True,True,0.7101772165855226,0.0997780874035985
assist_17,assist_17_Q14_S25,S3,,14,C14,0.0,-1.065467357635498,-1.4049335718154907,,,0.2653444111347198,,0.2471829950809478,-0.018161416053772,0.1679385900497436,2,True,4,C4,0.0961128071305532,0.0439220572424728,-0.0521907498880803,-0.5188884735107422,-0.8426307439804077,6.0,True,True,0.7101772165855226,0.0997780874035985
assist_17,assist_17_Q14_S25,S3,,14,C14,0.0,-1.065467357635498,-1.4049335718154907,,,0.2653444111347198,,0.2471829950809478,-0.018161416053772,0.1679385900497436,3,True,5,C5,0.0399775509095444,0.0198412733001896,-0.0201362776093547,-0.5774585604667664,-0.9784173369407654,4.0,True,True,0.7101772165855226,0.0997780874035985
assist_17,assist_17_Q14_S25,S3,,14,C14,0.0,-1.065467357635498,-1.4049335718154907,,,0.2653444111347198,,0.2471829950809478,-0.018161416053772,0.1679385900497436,4,True,7,C7,0.2433527890500883,0.5998356495008268,0.3564828604507384,-0.3553605675697326,-0.6738846302032471,6.0,True,True,0.7101772165855226,0.0997780874035985
assist_17,assist_17_Q14_S25,S3,,14,C14,0.0,-1.065467357635498,-1.4049335718154907,,,0.2653444111347198,,0.2471829950809478,-0.018161416053772,0.1679385900497436,5,True,10,C10,0.1142378820177102,0.0167120514113782,-0.0975258306063319,0.3723256587982178,0.3998051881790161,7.0,True,True,0.7101772165855226,0.0997780874035985
assist_17,assist_17_Q14_S25,S3,,14,C14,0.0,-1.065467357635498,-1.4049335718154907,,,0.2653444111347198,,0.2471829950809478,-0.018161416053772,0.1679385900497436,6,True,12,C12,0.1493024451178823,0.0875324622940627,-0.0617699828238196,-0.1581119298934936,-0.3762373924255371,1.0,True,True,0.7101772165855226,0.0997780874035985
assist_17,assist_17_Q14_S25,S3,,14,C14,0.0,-1.065467357635498,-1.4049335718154907,,,0.2653444111347198,,0.2471829950809478,-0.018161416053772,0.1679385900497436,7,True,13,C13,9.565755970233701e-11,1.5264992011401112e-08,1.516933445169877e-08,0.0253521502017974,-0.0563279092311859,5.0,True,True,0.7101772165855226,0.0997780874035985
assist_17,assist_17_Q14_S25,S3,,14,C14,0.0,-1.065467357635498,-1.4049335718154907,,,0.2653444111347198,,0.2471829950809478,-0.018161416053772,0.1679385900497436,8,True,14,C14,0.0500000006666283,0.0229412344313995,-0.0270587662352287,-1.065467357635498,-1.4049335718154907,8.0,True,True,0.7101772165855226,0.0997780874035985
assist_17,assist_17_Q14_S25,S3,,14,C14,0.0,-1.065467357635498,-1.4049335718154907,,,0.2653444111347198,,0.2471829950809478,-0.018161416053772,0.1679385900497436,9,True,20,C20,0.0080368235814048,0.0011674295091328,-0.006869394072272,0.3762593269348144,0.518099308013916,6.0,True,True,0.7101772165855226,0.0997780874035985
assist_17,assist_17_Q14_S25,S3,,14,C14,0.0,-1.065467357635498,-1.4049335718154907,,,0.2653444111347198,,0.2471829950809478,-0.018161416053772,0.1679385900497436,10,True,24,C24,0.0003207812328098,0.0006047604619102,0.0002839792291004,-0.0493965744972229,-0.1913992762565612,3.0,True,True,0.7101772165855226,0.0997780874035985
assist_17,assist_17_Q14_S25,S3,,14,C14,0.0,-1.065467357635498,-1.4049335718154907,,,0.2653444111347198,,0.2471829950809478,-0.018161416053772,0.1679385900497436,11,True,26,C26,0.0005761768106879,0.0012760184163267,0.0006998416056388,-0.1857834458351135,-0.519930362701416,8.0,True,True,0.7101772165855226,0.0997780874035985
assist_17,assist_17_Q14_S25,S3,,14,C14,0.0,-1.065467357635498,-1.4049335718154907,,,0.2653444111347198,,0.2471829950809478,-0.018161416053772,0.1679385900497436,12,True,28,C28,0.0042124035760342,0.0011351786104201,-0.0030772249656141,0.564826488494873,0.8345983028411865,5.0,True,True,0.7101772165855226,0.0997780874035985
assist_17,assist_17_Q14_S25,S3,,14,C14,0.0,-1.065467357635498,-1.4049335718154907,,,0.2653444111347198,,0.2471829950809478,-0.018161416053772,0.1679385900497436,13,True,32,C32,1.0042625217175155e-13,1.4671380643512048e-08,1.4671280217259876e-08,-0.2691071331501007,-0.5756111145019531,7.0,True,True,0.7101772165855226,0.0997780874035985
assist_17,assist_17_Q14_S25,S3,,14,C14,0.0,-1.065467357635498,-1.4049335718154907,,,0.2653444111347198,,0.2471829950809478,-0.018161416053772,0.1679385900497436,14,True,33,C33,0.0369803700016021,0.0749752056314757,0.0379948356298736,-0.4065167307853699,-0.3519117832183838,6.0,True,True,0.7101772165855226,0.0997780874035985
assist_17,assist_17_Q14_S25,S3,,14,C14,0.0,-1.065467357635498,-1.4049335718154907,,,0.2653444111347198,,0.2471829950809478,-0.018161416053772,0.1679385900497436,15,True,34,C34,0.0168284945857304,0.0141864303787604,-0.00264206420697,-0.8400777578353882,-1.2254761457443235,10.0,True,True,0.7101772165855226,0.0997780874035985
assist_17,assist_17_Q14_S25,S3,,14,C14,0.0,-1.065467357635498,-1.4049335718154907,,,0.2653444111347198,,0.2471829950809478,-0.018161416053772,0.1679385900497436,16,True,37,C37,0.0253735370536001,0.0169841193670008,-0.0083894176865993,0.540004551410675,0.9697504639625548,3.0,True,True,0.7101772165855226,0.0997780874035985
assist_17,assist_17_Q14_S25,S3,,14,C14,0.0,-1.065467357635498,-1.4049335718154907,,,0.2653444111347198,,0.2471829950809478,-0.018161416053772,0.1679385900497436,17,True,38,C38,1.1229250054179524e-10,9.004102578539651e-09,8.891810077997856e-09,0.0961416065692901,0.0978192389011383,8.0,True,True,0.7101772165855226,0.0997780874035985
assist_17,assist_17_Q14_S25,S3,,14,C14,0.0,-1.065467357635498,-1.4049335718154907,,,0.2653444111347198,,0.2471829950809478,-0.018161416053772,0.1679385900497436,18,True,45,C45,8.632790649335565e-11,1.9039400705470572e-08,1.8953072798977222e-08,-0.005995899438858,-0.1005745828151702,5.0,True,True,0.7101772165855226,0.0997780874035985
assist_17,assist_17_Q14_S25,S3,,14,C14,0.0,-1.065467357635498,-1.4049335718154907,,,0.2653444111347198,,0.2471829950809478,-0.018161416053772,0.1679385900497436,19,True,53,C53,0.0177524052281866,0.0250877405957701,0.0073353353675835,0.0803316086530685,-0.0438172370195388,4.0,True,True,0.7101772165855226,0.0997780874035985
assist_17,assist_17_Q14_S25,S3,,14,C14,0.0,-1.065467357635498,-1.4049335718154907,,,0.2653444111347198,,0.2471829950809478,-0.018161416053772,0.1679385900497436,20,True,56,C56,0.023361167600987,0.0214682793631232,-0.0018928882378638,0.0795591175556182,0.0994791686534881,9.0,True,True,0.7101772165855226,0.0997780874035985
assist_17,assist_17_Q14_S25,S3,,14,C14,0.0,-1.065467357635498,-1.4049335718154907,,,0.2653444111347198,,0.2471829950809478,-0.018161416053772,0.1679385900497436,21,True,57,C57,0.0103045984708185,0.0042585265023766,-0.0060460719684419,-0.352540522813797,-0.3277462422847748,24.0,True,True,0.7101772165855226,0.0997780874035985
assist_17,assist_17_Q14_S25,S3,,14,C14,0.0,-1.065467357635498,-1.4049335718154907,,,0.2653444111347198,,0.2471829950809478,-0.018161416053772,0.1679385900497436,22,True,59,C59,0.0003090857457818,6.736274845524866e-05,-0.0002417229973265,0.2512670159339905,0.5663036108016968,1.0,True,True,0.7101772165855226,0.0997780874035985
assist_17,assist_17_Q14_S25,S3,,14,C14,0.0,-1.065467357635498,-1.4049335718154907,,,0.2653444111347198,,0.2471829950809478,-0.018161416053772,0.1679385900497436,23,True,62,C62,0.0177706845291605,0.0030877828664809,-0.0146829016626796,0.2213926762342453,0.2340245693922042,9.0,True,True,0.7101772165855226,0.0997780874035985
assist_17,assist_17_Q14_S25,S3,,14,C14,0.0,-1.065467357635498,-1.4049335718154907,,,0.2653444111347198,,0.2471829950809478,-0.018161416053772,0.1679385900497436,24,True,65,C65,0.1447074746305812,0.044546495509446,-0.1001609791211352,0.3915501832962036,0.6151446104049683,10.0,True,True,0.7101772165855226,0.0997780874035985
assist_17,assist_17_Q14_S25,S3,,14,C14,0.0,-1.065467357635498,-1.4049335718154907,,,0.2653444111347198,,0.2471829950809478,-0.018161416053772,0.1679385900497436,25,True,68,C68,9.914989829612375e-11,3.5475628685571745e-08,3.5376478787275625e-08,-0.7732259035110474,-1.1484204530715942,6.0,True,True,0.7101772165855226,0.0997780874035985
assist_17,assist_17_Q14_S25,S4,,14,C14,0.0,-1.065467357635498,-1.4049335718154907,,,0.3805223107337951,,0.5203381776809692,0.13981586694717413,0.1720255315303802,1,True,2,C2,0.0004825216666793,0.0003698484034861,-0.0001126732631931,-0.429170161485672,-0.6741155385971069,9.0,True,True,0.7101772165855226,0.0997780874035985
assist_17,assist_17_Q14_S25,S4,,14,C14,0.0,-1.065467357635498,-1.4049335718154907,,,0.3805223107337951,,0.5203381776809692,0.13981586694717413,0.1720255315303802,2,True,4,C4,0.0961128071305532,0.0439220572424728,-0.0521907498880803,-0.5188884735107422,-0.8426307439804077,6.0,True,True,0.7101772165855226,0.0997780874035985
assist_17,assist_17_Q14_S25,S4,,14,C14,0.0,-1.065467357635498,-1.4049335718154907,,,0.3805223107337951,,0.5203381776809692,0.13981586694717413,0.1720255315303802,3,True,5,C5,0.0399775509095444,0.0198412733001896,-0.0201362776093547,-0.5774585604667664,-0.9784173369407654,4.0,True,True,0.7101772165855226,0.0997780874035985
assist_17,assist_17_Q14_S25,S4,,14,C14,0.0,-1.065467357635498,-1.4049335718154907,,,0.3805223107337951,,0.5203381776809692,0.13981586694717413,0.1720255315303802,4,True,7,C7,0.2433527890500883,0.5998356495008268,0.3564828604507384,-0.3553605675697326,-0.6738846302032471,6.0,True,True,0.7101772165855226,0.0997780874035985
assist_17,assist_17_Q14_S25,S4,,14,C14,0.0,-1.065467357635498,-1.4049335718154907,,,0.3805223107337951,,0.5203381776809692,0.13981586694717413,0.1720255315303802,5,True,10,C10,0.1142378820177102,0.0167120514113782,-0.0975258306063319,0.3723256587982178,0.3998051881790161,7.0,True,True,0.7101772165855226,0.0997780874035985
assist_17,assist_17_Q14_S25,S4,,14,C14,0.0,-1.065467357635498,-1.4049335718154907,,,0.3805223107337951,,0.5203381776809692,0.13981586694717413,0.1720255315303802,6,True,12,C12,0.1493024451178823,0.0875324622940627,-0.0617699828238196,-0.1581119298934936,-0.3762373924255371,1.0,True,True,0.7101772165855226,0.0997780874035985
assist_17,assist_17_Q14_S25,S4,,14,C14,0.0,-1.065467357635498,-1.4049335718154907,,,0.3805223107337951,,0.5203381776809692,0.13981586694717413,0.1720255315303802,7,True,13,C13,9.565755970233701e-11,1.5264992011401112e-08,1.516933445169877e-08,0.0253521502017974,-0.0563279092311859,5.0,True,True,0.7101772165855226,0.0997780874035985
assist_17,assist_17_Q14_S25,S4,,14,C14,0.0,-1.065467357635498,-1.4049335718154907,,,0.3805223107337951,,0.5203381776809692,0.13981586694717413,0.1720255315303802,8,True,14,C14,0.0500000006666283,0.0229412344313995,-0.0270587662352287,-1.065467357635498,-1.4049335718154907,8.0,True,True,0.7101772165855226,0.0997780874035985
assist_17,assist_17_Q14_S25,S4,,14,C14,0.0,-1.065467357635498,-1.4049335718154907,,,0.3805223107337951,,0.5203381776809692,0.13981586694717413,0.1720255315303802,9,True,20,C20,0.0080368235814048,0.0011674295091328,-0.006869394072272,0.3762593269348144,0.518099308013916,6.0,True,True,0.7101772165855226,0.0997780874035985
assist_17,assist_17_Q14_S25,S4,,14,C14,0.0,-1.065467357635498,-1.4049335718154907,,,0.3805223107337951,,0.5203381776809692,0.13981586694717413,0.1720255315303802,10,True,24,C24,0.0003207812328098,0.0006047604619102,0.0002839792291004,-0.0493965744972229,-0.1913992762565612,3.0,True,True,0.7101772165855226,0.0997780874035985
assist_17,assist_17_Q14_S25,S4,,14,C14,0.0,-1.065467357635498,-1.4049335718154907,,,0.3805223107337951,,0.5203381776809692,0.13981586694717413,0.1720255315303802,11,True,26,C26,0.0005761768106879,0.0012760184163267,0.0006998416056388,-0.1857834458351135,-0.519930362701416,8.0,True,True,0.7101772165855226,0.0997780874035985
assist_17,assist_17_Q14_S25,S4,,14,C14,0.0,-1.065467357635498,-1.4049335718154907,,,0.3805223107337951,,0.5203381776809692,0.13981586694717413,0.1720255315303802,12,True,28,C28,0.0042124035760342,0.0011351786104201,-0.0030772249656141,0.564826488494873,0.8345983028411865,5.0,True,True,0.7101772165855226,0.0997780874035985
assist_17,assist_17_Q14_S25,S4,,14,C14,0.0,-1.065467357635498,-1.4049335718154907,,,0.3805223107337951,,0.5203381776809692,0.13981586694717413,0.1720255315303802,13,True,32,C32,1.0042625217175155e-13,1.4671380643512048e-08,1.4671280217259876e-08,-0.2691071331501007,-0.5756111145019531,7.0,True,True,0.7101772165855226,0.0997780874035985
assist_17,assist_17_Q14_S25,S4,,14,C14,0.0,-1.065467357635498,-1.4049335718154907,,,0.3805223107337951,,0.5203381776809692,0.13981586694717413,0.1720255315303802,14,True,33,C33,0.0369803700016021,0.0749752056314757,0.0379948356298736,-0.4065167307853699,-0.3519117832183838,6.0,True,True,0.7101772165855226,0.0997780874035985
assist_17,assist_17_Q14_S25,S4,,14,C14,0.0,-1.065467357635498,-1.4049335718154907,,,0.3805223107337951,,0.5203381776809692,0.13981586694717413,0.1720255315303802,15,True,34,C34,0.0168284945857304,0.0141864303787604,-0.00264206420697,-0.8400777578353882,-1.2254761457443235,10.0,True,True,0.7101772165855226,0.0997780874035985
assist_17,assist_17_Q14_S25,S4,,14,C14,0.0,-1.065467357635498,-1.4049335718154907,,,0.3805223107337951,,0.5203381776809692,0.13981586694717413,0.1720255315303802,16,True,37,C37,0.0253735370536001,0.0169841193670008,-0.0083894176865993,0.540004551410675,0.9697504639625548,3.0,True,True,0.7101772165855226,0.0997780874035985
assist_17,assist_17_Q14_S25,S4,,14,C14,0.0,-1.065467357635498,-1.4049335718154907,,,0.3805223107337951,,0.5203381776809692,0.13981586694717413,0.1720255315303802,17,True,38,C38,1.1229250054179524e-10,9.004102578539651e-09,8.891810077997856e-09,0.0961416065692901,0.0978192389011383,8.0,True,True,0.7101772165855226,0.0997780874035985
assist_17,assist_17_Q14_S25,S4,,14,C14,0.0,-1.065467357635498,-1.4049335718154907,,,0.3805223107337951,,0.5203381776809692,0.13981586694717413,0.1720255315303802,18,True,45,C45,8.632790649335565e-11,1.9039400705470572e-08,1.8953072798977222e-08,-0.005995899438858,-0.1005745828151702,5.0,True,True,0.7101772165855226,0.0997780874035985
assist_17,assist_17_Q14_S25,S4,,14,C14,0.0,-1.065467357635498,-1.4049335718154907,,,0.3805223107337951,,0.5203381776809692,0.13981586694717413,0.1720255315303802,19,True,53,C53,0.0177524052281866,0.0250877405957701,0.0073353353675835,0.0803316086530685,-0.0438172370195388,4.0,True,True,0.7101772165855226,0.0997780874035985
assist_17,assist_17_Q14_S25,S4,,14,C14,0.0,-1.065467357635498,-1.4049335718154907,,,0.3805223107337951,,0.5203381776809692,0.13981586694717413,0.1720255315303802,20,True,56,C56,0.023361167600987,0.0214682793631232,-0.0018928882378638,0.0795591175556182,0.0994791686534881,9.0,True,True,0.7101772165855226,0.0997780874035985
assist_17,assist_17_Q14_S25,S4,,14,C14,0.0,-1.065467357635498,-1.4049335718154907,,,0.3805223107337951,,0.5203381776809692,0.13981586694717413,0.1720255315303802,21,True,57,C57,0.0103045984708185,0.0042585265023766,-0.0060460719684419,-0.352540522813797,-0.3277462422847748,24.0,True,True,0.7101772165855226,0.0997780874035985
assist_17,assist_17_Q14_S25,S4,,14,C14,0.0,-1.065467357635498,-1.4049335718154907,,,0.3805223107337951,,0.5203381776809692,0.13981586694717413,0.1720255315303802,22,True,59,C59,0.0003090857457818,6.736274845524866e-05,-0.0002417229973265,0.2512670159339905,0.5663036108016968,1.0,True,True,0.7101772165855226,0.0997780874035985
assist_17,assist_17_Q14_S25,S4,,14,C14,0.0,-1.065467357635498,-1.4049335718154907,,,0.3805223107337951,,0.5203381776809692,0.13981586694717413,0.1720255315303802,23,True,62,C62,0.0177706845291605,0.0030877828664809,-0.0146829016626796,0.2213926762342453,0.2340245693922042,9.0,True,True,0.7101772165855226,0.0997780874035985
assist_17,assist_17_Q14_S25,S4,,14,C14,0.0,-1.065467357635498,-1.4049335718154907,,,0.3805223107337951,,0.5203381776809692,0.13981586694717413,0.1720255315303802,24,True,65,C65,0.1447074746305812,0.044546495509446,-0.1001609791211352,0.3915501832962036,0.6151446104049683,10.0,True,True,0.7101772165855226,0.0997780874035985
assist_17,assist_17_Q14_S25,S4,,14,C14,0.0,-1.065467357635498,-1.4049335718154907,,,0.3805223107337951,,0.5203381776809692,0.13981586694717413,0.1720255315303802,25,True,68,C68,9.914989829612375e-11,3.5475628685571745e-08,3.5376478787275625e-08,-0.7732259035110474,-1.1484204530715942,6.0,True,True,0.7101772165855226,0.0997780874035985
assist_17,assist_17_Q14_S25,S5,,14,C14,0.0,-1.065467357635498,-1.4049335718154907,,,0.356495589017868,,0.3529109954833984,-0.0035845935344696045,0.1720255315303802,1,True,2,C2,0.0004825216666793,0.0003698484034861,-0.0001126732631931,-0.429170161485672,-0.6741155385971069,9.0,True,True,0.7101772165855226,0.0997780874035985
assist_17,assist_17_Q14_S25,S5,,14,C14,0.0,-1.065467357635498,-1.4049335718154907,,,0.356495589017868,,0.3529109954833984,-0.0035845935344696045,0.1720255315303802,2,True,4,C4,0.0961128071305532,0.0439220572424728,-0.0521907498880803,-0.5188884735107422,-0.8426307439804077,6.0,True,True,0.7101772165855226,0.0997780874035985
assist_17,assist_17_Q14_S25,S5,,14,C14,0.0,-1.065467357635498,-1.4049335718154907,,,0.356495589017868,,0.3529109954833984,-0.0035845935344696045,0.1720255315303802,3,True,5,C5,0.0399775509095444,0.0198412733001896,-0.0201362776093547,-0.5774585604667664,-0.9784173369407654,4.0,True,True,0.7101772165855226,0.0997780874035985
assist_17,assist_17_Q14_S25,S5,,14,C14,0.0,-1.065467357635498,-1.4049335718154907,,,0.356495589017868,,0.3529109954833984,-0.0035845935344696045,0.1720255315303802,4,True,7,C7,0.2433527890500883,0.5998356495008268,0.3564828604507384,-0.3553605675697326,-0.6738846302032471,6.0,True,True,0.7101772165855226,0.0997780874035985
assist_17,assist_17_Q14_S25,S5,,14,C14,0.0,-1.065467357635498,-1.4049335718154907,,,0.356495589017868,,0.3529109954833984,-0.0035845935344696045,0.1720255315303802,5,True,10,C10,0.1142378820177102,0.0167120514113782,-0.0975258306063319,0.3723256587982178,0.3998051881790161,7.0,True,True,0.7101772165855226,0.0997780874035985
assist_17,assist_17_Q14_S25,S5,,14,C14,0.0,-1.065467357635498,-1.4049335718154907,,,0.356495589017868,,0.3529109954833984,-0.0035845935344696045,0.1720255315303802,6,True,12,C12,0.1493024451178823,0.0875324622940627,-0.0617699828238196,-0.1581119298934936,-0.3762373924255371,1.0,True,True,0.7101772165855226,0.0997780874035985
assist_17,assist_17_Q14_S25,S5,,14,C14,0.0,-1.065467357635498,-1.4049335718154907,,,0.356495589017868,,0.3529109954833984,-0.0035845935344696045,0.1720255315303802,7,True,13,C13,9.565755970233701e-11,1.5264992011401112e-08,1.516933445169877e-08,0.0253521502017974,-0.0563279092311859,5.0,True,True,0.7101772165855226,0.0997780874035985
assist_17,assist_17_Q14_S25,S5,,14,C14,0.0,-1.065467357635498,-1.4049335718154907,,,0.356495589017868,,0.3529109954833984,-0.0035845935344696045,0.1720255315303802,8,True,14,C14,0.0500000006666283,0.0229412344313995,-0.0270587662352287,-1.065467357635498,-1.4049335718154907,8.0,True,True,0.7101772165855226,0.0997780874035985
assist_17,assist_17_Q14_S25,S5,,14,C14,0.0,-1.065467357635498,-1.4049335718154907,,,0.356495589017868,,0.3529109954833984,-0.0035845935344696045,0.1720255315303802,9,True,20,C20,0.0080368235814048,0.0011674295091328,-0.006869394072272,0.3762593269348144,0.518099308013916,6.0,True,True,0.7101772165855226,0.0997780874035985
assist_17,assist_17_Q14_S25,S5,,14,C14,0.0,-1.065467357635498,-1.4049335718154907,,,0.356495589017868,,0.3529109954833984,-0.0035845935344696045,0.1720255315303802,10,True,24,C24,0.0003207812328098,0.0006047604619102,0.0002839792291004,-0.0493965744972229,-0.1913992762565612,3.0,True,True,0.7101772165855226,0.0997780874035985
assist_17,assist_17_Q14_S25,S5,,14,C14,0.0,-1.065467357635498,-1.4049335718154907,,,0.356495589017868,,0.3529109954833984,-0.0035845935344696045,0.1720255315303802,11,True,26,C26,0.0005761768106879,0.0012760184163267,0.0006998416056388,-0.1857834458351135,-0.519930362701416,8.0,True,True,0.7101772165855226,0.0997780874035985
assist_17,assist_17_Q14_S25,S5,,14,C14,0.0,-1.065467357635498,-1.4049335718154907,,,0.356495589017868,,0.3529109954833984,-0.0035845935344696045,0.1720255315303802,12,True,28,C28,0.0042124035760342,0.0011351786104201,-0.0030772249656141,0.564826488494873,0.8345983028411865,5.0,True,True,0.7101772165855226,0.0997780874035985
assist_17,assist_17_Q14_S25,S5,,14,C14,0.0,-1.065467357635498,-1.4049335718154907,,,0.356495589017868,,0.3529109954833984,-0.0035845935344696045,0.1720255315303802,13,True,32,C32,1.0042625217175155e-13,1.4671380643512048e-08,1.4671280217259876e-08,-0.2691071331501007,-0.5756111145019531,7.0,True,True,0.7101772165855226,0.0997780874035985
assist_17,assist_17_Q14_S25,S5,,14,C14,0.0,-1.065467357635498,-1.4049335718154907,,,0.356495589017868,,0.3529109954833984,-0.0035845935344696045,0.1720255315303802,14,True,33,C33,0.0369803700016021,0.0749752056314757,0.0379948356298736,-0.4065167307853699,-0.3519117832183838,6.0,True,True,0.7101772165855226,0.0997780874035985
assist_17,assist_17_Q14_S25,S5,,14,C14,0.0,-1.065467357635498,-1.4049335718154907,,,0.356495589017868,,0.3529109954833984,-0.0035845935344696045,0.1720255315303802,15,True,34,C34,0.0168284945857304,0.0141864303787604,-0.00264206420697,-0.8400777578353882,-1.2254761457443235,10.0,True,True,0.7101772165855226,0.0997780874035985
assist_17,assist_17_Q14_S25,S5,,14,C14,0.0,-1.065467357635498,-1.4049335718154907,,,0.356495589017868,,0.3529109954833984,-0.0035845935344696045,0.1720255315303802,16,True,37,C37,0.0253735370536001,0.0169841193670008,-0.0083894176865993,0.540004551410675,0.9697504639625548,3.0,True,True,0.7101772165855226,0.0997780874035985
assist_17,assist_17_Q14_S25,S5,,14,C14,0.0,-1.065467357635498,-1.4049335718154907,,,0.356495589017868,,0.3529109954833984,-0.0035845935344696045,0.1720255315303802,17,True,38,C38,1.1229250054179524e-10,9.004102578539651e-09,8.891810077997856e-09,0.0961416065692901,0.0978192389011383,8.0,True,True,0.7101772165855226,0.0997780874035985
assist_17,assist_17_Q14_S25,S5,,14,C14,0.0,-1.065467357635498,-1.4049335718154907,,,0.356495589017868,,0.3529109954833984,-0.0035845935344696045,0.1720255315303802,18,True,45,C45,8.632790649335565e-11,1.9039400705470572e-08,1.8953072798977222e-08,-0.005995899438858,-0.1005745828151702,5.0,True,True,0.7101772165855226,0.0997780874035985
assist_17,assist_17_Q14_S25,S5,,14,C14,0.0,-1.065467357635498,-1.4049335718154907,,,0.356495589017868,,0.3529109954833984,-0.0035845935344696045,0.1720255315303802,19,True,53,C53,0.0177524052281866,0.0250877405957701,0.0073353353675835,0.0803316086530685,-0.0438172370195388,4.0,True,True,0.7101772165855226,0.0997780874035985
assist_17,assist_17_Q14_S25,S5,,14,C14,0.0,-1.065467357635498,-1.4049335718154907,,,0.356495589017868,,0.3529109954833984,-0.0035845935344696045,0.1720255315303802,20,True,56,C56,0.023361167600987,0.0214682793631232,-0.0018928882378638,0.0795591175556182,0.0994791686534881,9.0,True,True,0.7101772165855226,0.0997780874035985
assist_17,assist_17_Q14_S25,S5,,14,C14,0.0,-1.065467357635498,-1.4049335718154907,,,0.356495589017868,,0.3529109954833984,-0.0035845935344696045,0.1720255315303802,21,True,57,C57,0.0103045984708185,0.0042585265023766,-0.0060460719684419,-0.352540522813797,-0.3277462422847748,24.0,True,True,0.7101772165855226,0.0997780874035985
assist_17,assist_17_Q14_S25,S5,,14,C14,0.0,-1.065467357635498,-1.4049335718154907,,,0.356495589017868,,0.3529109954833984,-0.0035845935344696045,0.1720255315303802,22,True,59,C59,0.0003090857457818,6.736274845524866e-05,-0.0002417229973265,0.2512670159339905,0.5663036108016968,1.0,True,True,0.7101772165855226,0.0997780874035985
assist_17,assist_17_Q14_S25,S5,,14,C14,0.0,-1.065467357635498,-1.4049335718154907,,,0.356495589017868,,0.3529109954833984,-0.0035845935344696045,0.1720255315303802,23,True,62,C62,0.0177706845291605,0.0030877828664809,-0.0146829016626796,0.2213926762342453,0.2340245693922042,9.0,True,True,0.7101772165855226,0.0997780874035985
assist_17,assist_17_Q14_S25,S5,,14,C14,0.0,-1.065467357635498,-1.4049335718154907,,,0.356495589017868,,0.3529109954833984,-0.0035845935344696045,0.1720255315303802,24,True,65,C65,0.1447074746305812,0.044546495509446,-0.1001609791211352,0.3915501832962036,0.6151446104049683,10.0,True,True,0.7101772165855226,0.0997780874035985
assist_17,assist_17_Q14_S25,S5,,14,C14,0.0,-1.065467357635498,-1.4049335718154907,,,0.356495589017868,,0.3529109954833984,-0.0035845935344696045,0.1720255315303802,25,True,68,C68,9.914989829612375e-11,3.5475628685571745e-08,3.5376478787275625e-08,-0.7732259035110474,-1.1484204530715942,6.0,True,True,0.7101772165855226,0.0997780874035985
assist_17,assist_17_Q14_S25,S6,,14,C14,0.0,-1.065467357635498,-1.4049335718154907,,,0.2725953161716461,,0.2146417498588562,-0.05795356631278992,0.1683703958988189,1,True,2,C2,0.0004825216666793,0.0003698484034861,-0.0001126732631931,-0.429170161485672,-0.6741155385971069,9.0,True,True,0.7101772165855226,0.0997780874035985
assist_17,assist_17_Q14_S25,S6,,14,C14,0.0,-1.065467357635498,-1.4049335718154907,,,0.2725953161716461,,0.2146417498588562,-0.05795356631278992,0.1683703958988189,2,True,4,C4,0.0961128071305532,0.0439220572424728,-0.0521907498880803,-0.5188884735107422,-0.8426307439804077,6.0,True,True,0.7101772165855226,0.0997780874035985
assist_17,assist_17_Q14_S25,S6,,14,C14,0.0,-1.065467357635498,-1.4049335718154907,,,0.2725953161716461,,0.2146417498588562,-0.05795356631278992,0.1683703958988189,3,True,5,C5,0.0399775509095444,0.0198412733001896,-0.0201362776093547,-0.5774585604667664,-0.9784173369407654,4.0,True,True,0.7101772165855226,0.0997780874035985
assist_17,assist_17_Q14_S25,S6,,14,C14,0.0,-1.065467357635498,-1.4049335718154907,,,0.2725953161716461,,0.2146417498588562,-0.05795356631278992,0.1683703958988189,4,True,7,C7,0.2433527890500883,0.5998356495008268,0.3564828604507384,-0.3553605675697326,-0.6738846302032471,6.0,True,True,0.7101772165855226,0.0997780874035985
assist_17,assist_17_Q14_S25,S6,,14,C14,0.0,-1.065467357635498,-1.4049335718154907,,,0.2725953161716461,,0.2146417498588562,-0.05795356631278992,0.1683703958988189,5,True,10,C10,0.1142378820177102,0.0167120514113782,-0.0975258306063319,0.3723256587982178,0.3998051881790161,7.0,True,True,0.7101772165855226,0.0997780874035985
assist_17,assist_17_Q14_S25,S6,,14,C14,0.0,-1.065467357635498,-1.4049335718154907,,,0.2725953161716461,,0.2146417498588562,-0.05795356631278992,0.1683703958988189,6,True,12,C12,0.1493024451178823,0.0875324622940627,-0.0617699828238196,-0.1581119298934936,-0.3762373924255371,1.0,True,True,0.7101772165855226,0.0997780874035985
assist_17,assist_17_Q14_S25,S6,,14,C14,0.0,-1.065467357635498,-1.4049335718154907,,,0.2725953161716461,,0.2146417498588562,-0.05795356631278992,0.1683703958988189,7,True,13,C13,9.565755970233701e-11,1.5264992011401112e-08,1.516933445169877e-08,0.0253521502017974,-0.0563279092311859,5.0,True,True,0.7101772165855226,0.0997780874035985
assist_17,assist_17_Q14_S25,S6,,14,C14,0.0,-1.065467357635498,-1.4049335718154907,,,0.2725953161716461,,0.2146417498588562,-0.05795356631278992,0.1683703958988189,8,True,14,C14,0.0500000006666283,0.0229412344313995,-0.0270587662352287,-1.065467357635498,-1.4049335718154907,8.0,True,True,0.7101772165855226,0.0997780874035985
assist_17,assist_17_Q14_S25,S6,,14,C14,0.0,-1.065467357635498,-1.4049335718154907,,,0.2725953161716461,,0.2146417498588562,-0.05795356631278992,0.1683703958988189,9,True,20,C20,0.0080368235814048,0.0011674295091328,-0.006869394072272,0.3762593269348144,0.518099308013916,6.0,True,True,0.7101772165855226,0.0997780874035985
assist_17,assist_17_Q14_S25,S6,,14,C14,0.0,-1.065467357635498,-1.4049335718154907,,,0.2725953161716461,,0.2146417498588562,-0.05795356631278992,0.1683703958988189,10,True,24,C24,0.0003207812328098,0.0006047604619102,0.0002839792291004,-0.0493965744972229,-0.1913992762565612,3.0,True,True,0.7101772165855226,0.0997780874035985
assist_17,assist_17_Q14_S25,S6,,14,C14,0.0,-1.065467357635498,-1.4049335718154907,,,0.2725953161716461,,0.2146417498588562,-0.05795356631278992,0.1683703958988189,11,True,26,C26,0.0005761768106879,0.0012760184163267,0.0006998416056388,-0.1857834458351135,-0.519930362701416,8.0,True,True,0.7101772165855226,0.0997780874035985
assist_17,assist_17_Q14_S25,S6,,14,C14,0.0,-1.065467357635498,-1.4049335718154907,,,0.2725953161716461,,0.2146417498588562,-0.05795356631278992,0.1683703958988189,12,True,28,C28,0.0042124035760342,0.0011351786104201,-0.0030772249656141,0.564826488494873,0.8345983028411865,5.0,True,True,0.7101772165855226,0.0997780874035985
assist_17,assist_17_Q14_S25,S6,,14,C14,0.0,-1.065467357635498,-1.4049335718154907,,,0.2725953161716461,,0.2146417498588562,-0.05795356631278992,0.1683703958988189,13,True,32,C32,1.0042625217175155e-13,1.4671380643512048e-08,1.4671280217259876e-08,-0.2691071331501007,-0.5756111145019531,7.0,True,True,0.7101772165855226,0.0997780874035985
assist_17,assist_17_Q14_S25,S6,,14,C14,0.0,-1.065467357635498,-1.4049335718154907,,,0.2725953161716461,,0.2146417498588562,-0.05795356631278992,0.1683703958988189,14,True,33,C33,0.0369803700016021,0.0749752056314757,0.0379948356298736,-0.4065167307853699,-0.3519117832183838,6.0,True,True,0.7101772165855226,0.0997780874035985
assist_17,assist_17_Q14_S25,S6,,14,C14,0.0,-1.065467357635498,-1.4049335718154907,,,0.2725953161716461,,0.2146417498588562,-0.05795356631278992,0.1683703958988189,15,True,34,C34,0.0168284945857304,0.0141864303787604,-0.00264206420697,-0.8400777578353882,-1.2254761457443235,10.0,True,True,0.7101772165855226,0.0997780874035985
assist_17,assist_17_Q14_S25,S6,,14,C14,0.0,-1.065467357635498,-1.4049335718154907,,,0.2725953161716461,,0.2146417498588562,-0.05795356631278992,0.1683703958988189,16,True,37,C37,0.0253735370536001,0.0169841193670008,-0.0083894176865993,0.540004551410675,0.9697504639625548,3.0,True,True,0.7101772165855226,0.0997780874035985
assist_17,assist_17_Q14_S25,S6,,14,C14,0.0,-1.065467357635498,-1.4049335718154907,,,0.2725953161716461,,0.2146417498588562,-0.05795356631278992,0.1683703958988189,17,True,38,C38,1.1229250054179524e-10,9.004102578539651e-09,8.891810077997856e-09,0.0961416065692901,0.0978192389011383,8.0,True,True,0.7101772165855226,0.0997780874035985
assist_17,assist_17_Q14_S25,S6,,14,C14,0.0,-1.065467357635498,-1.4049335718154907,,,0.2725953161716461,,0.2146417498588562,-0.05795356631278992,0.1683703958988189,18,True,45,C45,8.632790649335565e-11,1.9039400705470572e-08,1.8953072798977222e-08,-0.005995899438858,-0.1005745828151702,5.0,True,True,0.7101772165855226,0.0997780874035985
assist_17,assist_17_Q14_S25,S6,,14,C14,0.0,-1.065467357635498,-1.4049335718154907,,,0.2725953161716461,,0.2146417498588562,-0.05795356631278992,0.1683703958988189,19,True,53,C53,0.0177524052281866,0.0250877405957701,0.0073353353675835,0.0803316086530685,-0.0438172370195388,4.0,True,True,0.7101772165855226,0.0997780874035985
assist_17,assist_17_Q14_S25,S6,,14,C14,0.0,-1.065467357635498,-1.4049335718154907,,,0.2725953161716461,,0.2146417498588562,-0.05795356631278992,0.1683703958988189,20,True,56,C56,0.023361167600987,0.0214682793631232,-0.0018928882378638,0.0795591175556182,0.0994791686534881,9.0,True,True,0.7101772165855226,0.0997780874035985
assist_17,assist_17_Q14_S25,S6,,14,C14,0.0,-1.065467357635498,-1.4049335718154907,,,0.2725953161716461,,0.2146417498588562,-0.05795356631278992,0.1683703958988189,21,True,57,C57,0.0103045984708185,0.0042585265023766,-0.0060460719684419,-0.352540522813797,-0.3277462422847748,24.0,True,True,0.7101772165855226,0.0997780874035985
assist_17,assist_17_Q14_S25,S6,,14,C14,0.0,-1.065467357635498,-1.4049335718154907,,,0.2725953161716461,,0.2146417498588562,-0.05795356631278992,0.1683703958988189,22,True,59,C59,0.0003090857457818,6.736274845524866e-05,-0.0002417229973265,0.2512670159339905,0.5663036108016968,1.0,True,True,0.7101772165855226,0.0997780874035985
assist_17,assist_17_Q14_S25,S6,,14,C14,0.0,-1.065467357635498,-1.4049335718154907,,,0.2725953161716461,,0.2146417498588562,-0.05795356631278992,0.1683703958988189,23,True,62,C62,0.0177706845291605,0.0030877828664809,-0.0146829016626796,0.2213926762342453,0.2340245693922042,9.0,True,True,0.7101772165855226,0.0997780874035985
assist_17,assist_17_Q14_S25,S6,,14,C14,0.0,-1.065467357635498,-1.4049335718154907,,,0.2725953161716461,,0.2146417498588562,-0.05795356631278992,0.1683703958988189,24,True,65,C65,0.1447074746305812,0.044546495509446,-0.1001609791211352,0.3915501832962036,0.6151446104049683,10.0,True,True,0.7101772165855226,0.0997780874035985
assist_17,assist_17_Q14_S25,S6,,14,C14,0.0,-1.065467357635498,-1.4049335718154907,,,0.2725953161716461,,0.2146417498588562,-0.05795356631278992,0.1683703958988189,25,True,68,C68,9.914989829612375e-11,3.5475628685571745e-08,3.5376478787275625e-08,-0.7732259035110474,-1.1484204530715942,6.0,True,True,0.7101772165855226,0.0997780874035985
assist_17,assist_17_Q14_S25,S7,,14,C14,0.0,-0.568206787109375,-0.4090628921985626,,,0.4266314208507538,,0.3235644102096557,-0.10306701064109808,0.1660184264183044,1,True,2,C2,0.0004825216666793,0.0001700882399317,-0.0003124334267476,-0.7224278450012207,-0.4013048112392425,13.0,True,True,0.7101772165855226,0.0997780874035985
assist_17,assist_17_Q14_S25,S7,,14,C14,0.0,-0.568206787109375,-0.4090628921985626,,,0.4266314208507538,,0.3235644102096557,-0.10306701064109808,0.1660184264183044,2,True,4,C4,0.0961128071305532,0.169408132848409,0.0732953257178557,-0.7174499034881592,-1.0601530075073242,15.0,True,True,0.7101772165855226,0.0997780874035985
assist_17,assist_17_Q14_S25,S7,,14,C14,0.0,-0.568206787109375,-0.4090628921985626,,,0.4266314208507538,,0.3235644102096557,-0.10306701064109808,0.1660184264183044,3,True,5,C5,0.0399775509095444,0.0081137105395737,-0.0318638403699707,-0.3936048150062561,-0.534768283367157,17.0,True,True,0.7101772165855226,0.0997780874035985
assist_17,assist_17_Q14_S25,S7,,14,C14,0.0,-0.568206787109375,-0.4090628921985626,,,0.4266314208507538,,0.3235644102096557,-0.10306701064109808,0.1660184264183044,4,True,7,C7,0.2433527890500883,0.28713412514222,0.0437813360921316,-0.7425743341445923,-1.0186668634414673,18.0,True,True,0.7101772165855226,0.0997780874035985
assist_17,assist_17_Q14_S25,S7,,14,C14,0.0,-0.568206787109375,-0.4090628921985626,,,0.4266314208507538,,0.3235644102096557,-0.10306701064109808,0.1660184264183044,5,True,10,C10,0.1142378820177102,0.0162832154503061,-0.097954666567404,-0.3335415720939636,-0.4547372758388519,13.0,True,True,0.7101772165855226,0.0997780874035985
assist_17,assist_17_Q14_S25,S7,,14,C14,0.0,-0.568206787109375,-0.4090628921985626,,,0.4266314208507538,,0.3235644102096557,-0.10306701064109808,0.1660184264183044,6,True,12,C12,0.1493024451178823,0.3484205371751573,0.199118092057275,-0.7069437503814697,-1.0635923147201538,6.0,True,True,0.7101772165855226,0.0997780874035985
assist_17,assist_17_Q14_S25,S7,,14,C14,0.0,-0.568206787109375,-0.4090628921985626,,,0.4266314208507538,,0.3235644102096557,-0.10306701064109808,0.1660184264183044,7,True,13,C13,9.565755970233701e-11,2.2550785185243772e-08,2.245512762554143e-08,-0.5945193767547607,-1.0026026964187622,4.0,True,True,0.7101772165855226,0.0997780874035985
assist_17,assist_17_Q14_S25,S7,,14,C14,0.0,-0.568206787109375,-0.4090628921985626,,,0.4266314208507538,,0.3235644102096557,-0.10306701064109808,0.1660184264183044,8,True,14,C14,0.0500000006666283,0.010751103956624,-0.0392488967100042,-0.568206787109375,-0.4090628921985626,18.0,True,True,0.7101772165855226,0.0997780874035985
assist_17,assist_17_Q14_S25,S7,,14,C14,0.0,-0.568206787109375,-0.4090628921985626,,,0.4266314208507538,,0.3235644102096557,-0.10306701064109808,0.1660184264183044,9,True,20,C20,0.0080368235814048,0.0026520878209594,-0.0053847357604454,-0.5900338292121887,-0.8007827401161194,10.0,True,True,0.7101772165855226,0.0997780874035985
assist_17,assist_17_Q14_S25,S7,,14,C14,0.0,-0.568206787109375,-0.4090628921985626,,,0.4266314208507538,,0.3235644102096557,-0.10306701064109808,0.1660184264183044,10,True,24,C24,0.0003207812328098,0.0002924201737471,-2.836105906270733e-05,-0.3008481860160827,-0.2590814232826233,5.0,True,True,0.7101772165855226,0.0997780874035985
assist_17,assist_17_Q14_S25,S7,,14,C14,0.0,-0.568206787109375,-0.4090628921985626,,,0.4266314208507538,,0.3235644102096557,-0.10306701064109808,0.1660184264183044,11,True,26,C26,0.0005761768106879,0.000465842030076,-0.0001103347806119,-0.1470629572868347,-0.1454841792583465,3.0,True,True,0.7101772165855226,0.0997780874035985
assist_17,assist_17_Q14_S25,S7,,14,C14,0.0,-0.568206787109375,-0.4090628921985626,,,0.4266314208507538,,0.3235644102096557,-0.10306701064109808,0.1660184264183044,12,True,28,C28,0.0042124035760342,0.0026245491108969,-0.0015878544651373,-0.1141179502010345,-0.0880712568759918,3.0,True,True,0.7101772165855226,0.0997780874035985
assist_17,assist_17_Q14_S25,S7,,14,C14,0.0,-0.568206787109375,-0.4090628921985626,,,0.4266314208507538,,0.3235644102096557,-0.10306701064109808,0.1660184264183044,13,True,32,C32,1.0042625217175155e-13,8.205486048772214e-09,8.205385622520042e-09,-0.7500094771385193,-0.6532027721405029,9.0,True,True,0.7101772165855226,0.0997780874035985
assist_17,assist_17_Q14_S25,S7,,14,C14,0.0,-0.568206787109375,-0.4090628921985626,,,0.4266314208507538,,0.3235644102096557,-0.10306701064109808,0.1660184264183044,14,True,33,C33,0.0369803700016021,0.0095116125657979,-0.0274687574358042,-0.3177339434623718,0.0698007345199585,15.0,True,True,0.7101772165855226,0.0997780874035985
assist_17,assist_17_Q14_S25,S7,,14,C14,0.0,-0.568206787109375,-0.4090628921985626,,,0.4266314208507538,,0.3235644102096557,-0.10306701064109808,0.1660184264183044,15,True,34,C34,0.0168284945857304,0.002063274495027,-0.0147652200907033,0.2562607824802398,0.5310573577880859,3.0,True,True,0.7101772165855226,0.0997780874035985
assist_17,assist_17_Q14_S25,S7,,14,C14,0.0,-0.568206787109375,-0.4090628921985626,,,0.4266314208507538,,0.3235644102096557,-0.10306701064109808,0.1660184264183044,16,True,37,C37,0.0253735370536001,0.0140935990156773,-0.0112799380379227,0.0894827097654342,0.0112460404634475,7.0,True,True,0.7101772165855226,0.0997780874035985
assist_17,assist_17_Q14_S25,S7,,14,C14,0.0,-0.568206787109375,-0.4090628921985626,,,0.4266314208507538,,0.3235644102096557,-0.10306701064109808,0.1660184264183044,17,True,38,C38,1.1229250054179524e-10,3.370056170506708e-09,3.2577636699649124e-09,-0.2824836373329162,-0.2113872319459915,7.0,True,True,0.7101772165855226,0.0997780874035985
assist_17,assist_17_Q14_S25,S7,,14,C14,0.0,-0.568206787109375,-0.4090628921985626,,,0.4266314208507538,,0.3235644102096557,-0.10306701064109808,0.1660184264183044,18,True,45,C45,8.632790649335565e-11,1.1444615006076698e-08,1.135828709958334e-08,-0.379863440990448,-0.2026101350784301,18.0,True,True,0.7101772165855226,0.0997780874035985
assist_17,assist_17_Q14_S25,S7,,14,C14,0.0,-0.568206787109375,-0.4090628921985626,,,0.4266314208507538,,0.3235644102096557,-0.10306701064109808,0.1660184264183044,19,True,53,C53,0.0177524052281866,0.0041653319977284,-0.0135870732304581,-0.2015976160764694,-0.4672595858573913,1.0,True,True,0.7101772165855226,0.0997780874035985
assist_17,assist_17_Q14_S25,S7,,14,C14,0.0,-0.568206787109375,-0.4090628921985626,,,0.4266314208507538,,0.3235644102096557,-0.10306701064109808,0.1660184264183044,20,True,56,C56,0.023361167600987,0.0464886761090265,0.0231275085080394,-1.3202810287475586,-1.4584646224975586,13.0,True,True,0.7101772165855226,0.0997780874035985
assist_17,assist_17_Q14_S25,S7,,14,C14,0.0,-0.568206787109375,-0.4090628921985626,,,0.4266314208507538,,0.3235644102096557,-0.10306701064109808,0.1660184264183044,21,True,57,C57,0.0103045984708185,0.0017865064685824,-0.008518092002236,-0.4165138304233551,-0.4839355647563934,32.0,True,True,0.7101772165855226,0.0997780874035985
assist_17,assist_17_Q14_S25,S7,,14,C14,0.0,-0.568206787109375,-0.4090628921985626,,,0.4266314208507538,,0.3235644102096557,-0.10306701064109808,0.1660184264183044,22,True,59,C59,0.0003090857457818,2.855580128191863e-05,-0.0002805299444998,0.0192506462335586,0.3609484136104584,18.0,True,True,0.7101772165855226,0.0997780874035985
assist_17,assist_17_Q14_S25,S7,,14,C14,0.0,-0.568206787109375,-0.4090628921985626,,,0.4266314208507538,,0.3235644102096557,-0.10306701064109808,0.1660184264183044,23,True,62,C62,0.0177706845291605,0.0025185638163557,-0.0152521207128048,-0.1555432230234146,-0.0752971619367599,8.0,True,True,0.7101772165855226,0.0997780874035985
assist_17,assist_17_Q14_S25,S7,,14,C14,0.0,-0.568206787109375,-0.4090628921985626,,,0.4266314208507538,,0.3235644102096557,-0.10306701064109808,0.1660184264183044,24,True,65,C65,0.1447074746305812,0.0730279952404257,-0.0716794793901555,0.0896954536437988,-0.2406615018844604,8.0,True,True,0.7101772165855226,0.0997780874035985
assist_17,assist_17_Q14_S25,S7,,14,C14,0.0,-0.568206787109375,-0.4090628921985626,,,0.4266314208507538,,0.3235644102096557,-0.10306701064109808,0.1660184264183044,25,True,68,C68,9.914989829612375e-11,2.643125267884717e-08,2.6332102780551052e-08,-0.7115702629089355,-0.7876237630844116,10.0,True,True,0.7101772165855226,0.0997780874035985
assist_17,assist_17_Q14_S25,S8,,14,C14,1.0,-0.2708898186683655,0.006113015115261,,,0.386051595211029,,0.5177997350692749,0.1317481398582459,0.1718543916940689,1,True,2,C2,0.0004825216666793,9.59397359898892e-05,-0.0003865819306894,0.0797518193721771,0.3118956685066223,9.0,True,True,0.7101772165855226,0.0997780874035985
assist_17,assist_17_Q14_S25,S8,,14,C14,1.0,-0.2708898186683655,0.006113015115261,,,0.386051595211029,,0.5177997350692749,0.1317481398582459,0.1718543916940689,2,True,4,C4,0.0961128071305532,0.1095882946586487,0.0134754875280954,-0.4466257989406585,-0.8297972679138184,14.0,True,True,0.7101772165855226,0.0997780874035985
assist_17,assist_17_Q14_S25,S8,,14,C14,1.0,-0.2708898186683655,0.006113015115261,,,0.386051595211029,,0.5177997350692749,0.1317481398582459,0.1718543916940689,3,True,5,C5,0.0399775509095444,0.0532354352253429,0.0132578843157984,-0.9661075472831726,-0.3963841795921325,31.0,True,True,0.7101772165855226,0.0997780874035985
assist_17,assist_17_Q14_S25,S8,,14,C14,1.0,-0.2708898186683655,0.006113015115261,,,0.386051595211029,,0.5177997350692749,0.1317481398582459,0.1718543916940689,4,True,7,C7,0.2433527890500883,0.4226341683580205,0.1792813793079321,-0.3236612677574157,0.010620430111885,21.0,True,True,0.7101772165855226,0.0997780874035985
assist_17,assist_17_Q14_S25,S8,,14,C14,1.0,-0.2708898186683655,0.006113015115261,,,0.386051595211029,,0.5177997350692749,0.1317481398582459,0.1718543916940689,5,True,10,C10,0.1142378820177102,0.0252748620841458,-0.0889630199335643,-0.1416582465171814,-0.0397865697741508,13.0,True,True,0.7101772165855226,0.0997780874035985
assist_17,assist_17_Q14_S25,S8,,14,C14,1.0,-0.2708898186683655,0.006113015115261,,,0.386051595211029,,0.5177997350692749,0.1317481398582459,0.1718543916940689,6,True,12,C12,0.1493024451178823,0.0321283703460223,-0.11717407477186,0.4968056976795196,0.9031357765197754,3.0,True,True,0.7101772165855226,0.0997780874035985
assist_17,assist_17_Q14_S25,S8,,14,C14,1.0,-0.2708898186683655,0.006113015115261,,,0.386051595211029,,0.5177997350692749,0.1317481398582459,0.1718543916940689,7,True,13,C13,9.565755970233701e-11,1.3684183895726202e-08,1.3588526336023864e-08,-0.199678748846054,-0.1705237329006195,7.0,True,True,0.7101772165855226,0.0997780874035985
assist_17,assist_17_Q14_S25,S8,,14,C14,1.0,-0.2708898186683655,0.006113015115261,,,0.386051595211029,,0.5177997350692749,0.1317481398582459,0.1718543916940689,8,True,14,C14,0.0500000006666283,0.010892394133656,-0.0391076065329722,-0.2708898186683655,0.006113015115261,70.0,True,True,0.7101772165855226,0.0997780874035985
assist_17,assist_17_Q14_S25,S8,,14,C14,1.0,-0.2708898186683655,0.006113015115261,,,0.386051595211029,,0.5177997350692749,0.1317481398582459,0.1718543916940689,9,True,20,C20,0.0080368235814048,0.0093611222395202,0.0013242986581154,-0.662900447845459,-0.7055397033691406,72.0,True,True,0.7101772165855226,0.0997780874035985
assist_17,assist_17_Q14_S25,S8,,14,C14,1.0,-0.2708898186683655,0.006113015115261,,,0.386051595211029,,0.5177997350692749,0.1317481398582459,0.1718543916940689,10,True,24,C24,0.0003207812328098,0.0009143012125533,0.0005935199797434,-0.3657222390174866,-0.4246628880500793,9.0,True,True,0.7101772165855226,0.0997780874035985
assist_17,assist_17_Q14_S25,S8,,14,C14,1.0,-0.2708898186683655,0.006113015115261,,,0.386051595211029,,0.5177997350692749,0.1317481398582459,0.1718543916940689,11,True,26,C26,0.0005761768106879,0.0029412360704833,0.0023650592597954,-0.8780481219291687,-1.279576063156128,6.0,True,True,0.7101772165855226,0.0997780874035985
assist_17,assist_17_Q14_S25,S8,,14,C14,1.0,-0.2708898186683655,0.006113015115261,,,0.386051595211029,,0.5177997350692749,0.1317481398582459,0.1718543916940689,12,True,28,C28,0.0042124035760342,0.0065491587606276,0.0023367551845933,-0.2913901209831238,-0.1963264942169189,7.0,True,True,0.7101772165855226,0.0997780874035985
assist_17,assist_17_Q14_S25,S8,,14,C14,1.0,-0.2708898186683655,0.006113015115261,,,0.386051595211029,,0.5177997350692749,0.1317481398582459,0.1718543916940689,13,True,32,C32,1.0042625217175155e-13,2.1963243838581932e-08,2.196314341232976e-08,-0.1930384337902069,-0.5850280523300171,16.0,True,True,0.7101772165855226,0.0997780874035985
assist_17,assist_17_Q14_S25,S8,,14,C14,1.0,-0.2708898186683655,0.006113015115261,,,0.386051595211029,,0.5177997350692749,0.1317481398582459,0.1718543916940689,14,True,33,C33,0.0369803700016021,0.1397081138854949,0.1027277438838927,-0.8257854580879211,-1.0718426704406738,16.0,True,True,0.7101772165855226,0.0997780874035985
assist_17,assist_17_Q14_S25,S8,,14,C14,1.0,-0.2708898186683655,0.006113015115261,,,0.386051595211029,,0.5177997350692749,0.1317481398582459,0.1718543916940689,15,True,34,C34,0.0168284945857304,0.0119847597638454,-0.004843734821885,-0.4007092416286468,-0.3990795314311981,17.0,True,True,0.7101772165855226,0.0997780874035985
assist_17,assist_17_Q14_S25,S8,,14,C14,1.0,-0.2708898186683655,0.006113015115261,,,0.386051595211029,,0.5177997350692749,0.1317481398582459,0.1718543916940689,16,True,37,C37,0.0253735370536001,0.0237896383108473,-0.0015838987427527,-0.0407423041760921,-0.0449174009263515,6.0,True,True,0.7101772165855226,0.0997780874035985
assist_17,assist_17_Q14_S25,S8,,14,C14,1.0,-0.2708898186683655,0.006113015115261,,,0.386051595211029,,0.5177997350692749,0.1317481398582459,0.1718543916940689,17,True,38,C38,1.1229250054179524e-10,1.6374020496783683e-08,1.6261727996241886e-08,-0.1065169870853424,-0.0797280222177505,4.0,True,True,0.7101772165855226,0.0997780874035985
assist_17,assist_17_Q14_S25,S8,,14,C14,1.0,-0.2708898186683655,0.006113015115261,,,0.386051595211029,,0.5177997350692749,0.1317481398582459,0.1718543916940689,18,True,45,C45,8.632790649335565e-11,5.4297414146935546e-08,5.421108624044218e-08,-0.6334888935089111,-0.7283897399902344,8.0,True,True,0.7101772165855226,0.0997780874035985
assist_17,assist_17_Q14_S25,S8,,14,C14,1.0,-0.2708898186683655,0.006113015115261,,,0.386051595211029,,0.5177997350692749,0.1317481398582459,0.1718543916940689,19,True,53,C53,0.0177524052281866,0.0205214884027687,0.0027690831745821,0.0087805241346359,-0.3101670145988464,9.0,True,True,0.7101772165855226,0.0997780874035985
assist_17,assist_17_Q14_S25,S8,,14,C14,1.0,-0.2708898186683655,0.006113015115261,,,0.386051595211029,,0.5177997350692749,0.1317481398582459,0.1718543916940689,20,True,56,C56,0.023361167600987,0.0190747429173188,-0.0042864246836682,0.0,0.0,0.0,True,True,0.7101772165855226,0.0997780874035985
assist_17,assist_17_Q14_S25,S8,,14,C14,1.0,-0.2708898186683655,0.006113015115261,,,0.386051595211029,,0.5177997350692749,0.1317481398582459,0.1718543916940689,21,True,57,C57,0.0103045984708185,0.0093662701683307,-0.0009383283024877,-0.4300317466259002,-0.4852876961231231,39.0,True,True,0.7101772165855226,0.0997780874035985
assist_17,assist_17_Q14_S25,S8,,14,C14,1.0,-0.2708898186683655,0.006113015115261,,,0.386051595211029,,0.5177997350692749,0.1317481398582459,0.1718543916940689,22,True,59,C59,0.0003090857457818,0.0001538881862213,-0.0001551975595604,-0.2284513711929321,-0.540838897228241,9.0,True,True,0.7101772165855226,0.0997780874035985
assist_17,assist_17_Q14_S25,S8,,14,C14,1.0,-0.2708898186683655,0.006113015115261,,,0.386051595211029,,0.5177997350692749,0.1317481398582459,0.1718543916940689,23,True,62,C62,0.0177706845291605,0.012937161591143,-0.0048335229380174,-0.3486414551734924,-0.460888147354126,10.0,True,True,0.7101772165855226,0.0997780874035985
assist_17,assist_17_Q14_S25,S8,,14,C14,1.0,-0.2708898186683655,0.006113015115261,,,0.386051595211029,,0.5177997350692749,0.1317481398582459,0.1718543916940689,24,True,65,C65,0.1447074746305812,0.0888485294060603,-0.0558589452245209,0.4330075979232788,0.7555092573165894,5.0,True,True,0.7101772165855226,0.0997780874035985
assist_17,assist_17_Q14_S25,S8,,14,C14,1.0,-0.2708898186683655,0.006113015115261,,,0.386051595211029,,0.5177997350692749,0.1317481398582459,0.1718543916940689,25,True,68,C68,9.914989829612375e-11,1.8224096009738747e-08,1.8124946111442624e-08,-0.1413931846618652,-0.1260033249855041,10.0,True,True,0.7101772165855226,0.0997780874035985
